Time[s],TMc_SBW(-)19.04.11_Ver1.00_Backup::SCU11::SCU_POS_TAR,TMc_SBW(-)19.04.11_Ver1.00_Backup::SCU11::SCU_POS_ACT,TMc_SBW(-)19.04.11_Ver1.00_Backup::SCU_MCP::SCU_S2_PWM
0.000000,7,7,54.300000
0.010000,7,7,54.300000
0.020000,7,7,54.300000
0.030000,7,7,54.300000
0.040000,7,7,54.300000
0.050000,7,7,54.300000
0.060000,7,7,54.300000
0.070000,7,7,54.300000
0.080000,7,7,54.300000
0.090000,7,7,54.300000
0.100000,7,7,54.300000
0.110000,7,7,54.300000
0.120000,7,7,54.300000
0.130000,7,7,54.300000
0.140000,7,7,54.300000
0.150000,7,7,54.300000
0.160000,7,7,54.300000
0.170000,7,7,54.300000
0.180000,7,7,54.300000
0.190000,7,7,54.300000
0.200000,7,7,54.300000
0.210000,7,7,54.300000
0.220000,7,7,54.300000
0.230000,7,7,54.300000
0.240000,7,7,54.300000
0.250000,7,7,54.300000
0.260000,7,7,54.300000
0.270000,7,7,54.300000
0.280000,7,7,54.300000
0.290000,7,7,54.300000
0.300000,7,7,54.300000
0.310000,7,7,54.300000
0.320000,7,7,54.300000
0.330000,7,7,54.300000
0.340000,7,7,54.300000
0.350000,7,7,54.300000
0.360000,7,7,54.300000
0.370000,7,7,54.300000
0.380000,7,7,54.300000
0.390000,7,7,54.300000
0.400000,7,7,54.300000
0.410000,7,7,54.300000
0.420000,7,7,54.300000
0.430000,7,7,54.300000
0.440000,7,7,54.300000
0.450000,7,7,54.300000
0.460000,7,7,54.300000
0.470000,7,7,54.300000
0.480000,7,7,54.300000
0.490000,7,7,54.300000
0.500000,7,7,54.300000
0.510000,7,7,54.300000
0.520000,7,7,54.300000
0.530000,7,7,54.300000
0.540000,7,7,54.300000
0.550000,7,7,54.300000
0.560000,7,7,54.300000
0.570000,7,7,54.300000
0.580000,7,7,54.300000
0.590000,7,7,54.300000
0.600000,7,7,54.300000
0.610000,7,7,54.300000
0.620000,7,7,54.300000
0.630000,7,7,54.300000
0.640000,7,7,54.300000
0.650000,7,7,54.300000
0.660000,7,7,54.300000
0.670000,7,7,54.300000
0.680000,7,7,54.300000
0.690000,7,7,54.300000
0.700000,7,7,54.300000
0.710000,7,7,54.300000
0.720000,7,7,54.300000
0.730000,7,7,54.300000
0.740000,7,7,54.300000
0.750000,7,7,54.300000
0.760000,7,7,54.300000
0.770000,7,7,54.300000
0.780000,7,7,54.300000
0.790000,7,7,54.300000
0.800000,7,7,54.300000
0.810000,7,7,54.300000
0.820000,7,7,54.300000
0.830000,7,7,54.300000
0.840000,7,7,54.300000
0.850000,7,7,54.300000
0.860000,7,7,54.300000
0.870000,7,7,54.300000
0.880000,7,7,54.300000
0.890000,7,7,54.300000
0.900000,7,7,54.300000
0.910000,7,7,54.300000
0.920000,7,7,54.300000
0.930000,7,7,54.300000
0.940000,7,7,54.300000
0.950000,7,7,54.300000
0.960000,7,7,54.300000
0.970000,7,7,54.300000
0.980000,7,7,54.300000
0.990000,7,7,54.300000
1.000000,7,7,54.300000
1.010000,7,7,54.300000
1.020000,7,7,54.300000
1.030000,7,7,54.300000
1.040000,7,7,54.300000
1.050000,7,7,54.300000
1.060000,7,7,54.300000
1.070000,7,7,54.300000
1.080000,7,7,54.300000
1.090000,7,7,54.300000
1.100000,7,7,54.300000
1.110000,7,7,54.300000
1.120000,7,7,54.300000
1.130000,7,7,54.300000
1.140000,7,7,54.300000
1.150000,7,7,54.300000
1.160000,7,7,54.300000
1.170000,7,7,54.300000
1.180000,7,7,54.300000
1.190000,7,7,54.300000
1.200000,7,7,54.300000
1.210000,7,7,54.300000
1.220000,7,7,54.300000
1.230000,7,7,54.300000
1.240000,7,7,54.300000
1.250000,7,7,54.300000
1.260000,7,7,54.300000
1.270000,7,7,54.300000
1.280000,7,7,54.300000
1.290000,7,7,54.300000
1.300000,7,7,54.300000
1.310000,7,7,54.300000
1.320000,7,7,54.300000
1.330000,7,7,54.300000
1.340000,7,7,54.300000
1.350000,7,7,54.300000
1.360000,7,7,54.300000
1.370000,7,7,54.300000
1.380000,7,7,54.300000
1.390000,7,7,54.300000
1.400000,7,7,54.300000
1.410000,7,7,54.300000
1.420000,7,7,54.300000
1.430000,7,7,54.300000
1.440000,7,7,54.300000
1.450000,7,7,54.300000
1.460000,7,7,54.300000
1.470000,7,7,54.300000
1.480000,7,7,54.300000
1.490000,7,7,54.300000
1.500000,7,7,54.300000
1.510000,7,7,54.300000
1.520000,7,7,54.300000
1.530000,7,7,54.300000
1.540000,7,7,54.300000
1.550000,7,7,54.300000
1.560000,7,7,54.300000
1.570000,7,7,54.300000
1.580000,7,7,54.300000
1.590000,7,7,54.300000
1.600000,7,7,54.300000
1.610000,7,7,54.300000
1.620000,7,7,54.300000
1.630000,7,7,54.300000
1.640000,7,7,54.300000
1.650000,7,7,54.300000
1.660000,7,7,54.300000
1.670000,7,7,54.300000
1.680000,7,7,54.300000
1.690000,7,7,54.300000
1.700000,7,7,54.300000
1.710000,7,7,54.300000
1.720000,7,7,54.300000
1.730000,7,7,54.300000
1.740000,7,7,54.300000
1.750000,7,7,54.300000
1.760000,7,7,54.300000
1.770000,7,7,54.300000
1.780000,7,7,54.300000
1.790000,7,7,54.300000
1.800000,7,7,54.300000
1.810000,7,7,54.300000
1.820000,7,7,54.300000
1.830000,7,7,54.300000
1.840000,7,7,54.300000
1.850000,7,7,54.300000
1.860000,7,7,54.300000
1.870000,7,7,54.300000
1.880000,7,7,54.300000
1.890000,7,7,54.300000
1.900000,7,7,54.300000
1.910000,7,7,54.300000
1.920000,7,7,54.300000
1.930000,7,7,54.300000
1.940000,7,7,54.300000
1.950000,7,7,54.300000
1.960000,7,7,54.300000
1.970000,7,7,54.300000
1.980000,7,7,54.300000
1.990000,7,7,54.300000
2.000000,7,7,54.300000
2.010000,7,7,54.300000
2.020000,7,7,54.300000
2.030000,7,7,54.300000
2.040000,7,7,54.300000
2.050000,7,7,54.300000
2.060000,7,7,54.300000
2.070000,7,7,54.300000
2.080000,7,7,54.300000
2.090000,7,7,54.300000
2.100000,7,7,54.300000
2.110000,7,7,54.300000
2.120000,7,7,54.300000
2.130000,7,7,54.300000
2.140000,7,7,54.300000
2.150000,7,7,54.300000
2.160000,7,7,54.300000
2.170000,7,7,54.300000
2.180000,7,7,54.300000
2.190000,7,7,54.300000
2.200000,7,7,54.300000
2.210000,7,7,54.300000
2.220000,7,7,54.300000
2.230000,7,7,54.300000
2.240000,7,7,54.300000
2.250000,7,7,54.300000
2.260000,7,7,54.300000
2.270000,7,7,54.300000
2.280000,7,7,54.300000
2.290000,7,7,54.300000
2.300000,7,7,54.300000
2.310000,7,7,54.300000
2.320000,7,7,54.300000
2.330000,7,7,54.300000
2.340000,7,7,54.300000
2.350000,7,7,54.300000
2.360000,7,7,54.300000
2.370000,7,7,54.300000
2.380000,7,7,54.300000
2.390000,7,7,54.300000
2.400000,7,7,54.300000
2.410000,7,7,54.300000
2.420000,7,7,54.300000
2.430000,7,7,54.300000
2.440000,7,7,54.300000
2.450000,7,7,54.300000
2.460000,7,7,54.300000
2.470000,7,7,54.300000
2.480000,7,7,54.300000
2.490000,7,7,54.300000
2.500000,7,7,54.300000
2.510000,7,7,54.300000
2.520000,7,7,54.300000
2.530000,7,7,54.300000
2.540000,7,7,54.300000
2.550000,7,7,54.300000
2.560000,7,7,54.300000
2.570000,7,7,54.300000
2.580000,7,7,54.300000
2.590000,7,7,54.300000
2.600000,7,7,54.300000
2.610000,7,7,54.300000
2.620000,7,7,54.300000
2.630000,7,7,54.300000
2.640000,7,7,54.300000
2.650000,7,7,54.300000
2.660000,7,7,54.300000
2.670000,7,7,54.300000
2.680000,7,7,54.300000
2.690000,7,7,54.300000
2.700000,7,7,54.300000
2.710000,7,7,54.300000
2.720000,7,7,54.300000
2.730000,7,7,54.300000
2.740000,7,7,54.300000
2.750000,7,7,54.300000
2.760000,7,7,54.300000
2.770000,7,7,54.300000
2.780000,7,7,54.300000
2.790000,7,7,54.300000
2.800000,7,7,54.300000
2.810000,7,7,54.300000
2.820000,7,7,54.300000
2.830000,7,7,54.300000
2.840000,7,7,54.300000
2.850000,7,7,54.300000
2.860000,7,7,54.300000
2.870000,7,7,54.300000
2.880000,7,7,54.300000
2.890000,7,7,54.300000
2.900000,7,7,54.300000
2.910000,7,7,54.300000
2.920000,7,7,54.300000
2.930000,7,7,54.300000
2.940000,7,7,54.300000
2.950000,7,7,54.300000
2.960000,7,7,54.300000
2.970000,7,7,54.300000
2.980000,7,7,54.300000
2.990000,7,7,54.300000
3.000000,7,7,54.300000
3.010000,7,7,54.300000
3.020000,7,7,54.300000
3.030000,7,7,54.300000
3.040000,7,7,54.300000
3.050000,7,7,54.300000
3.060000,7,7,54.300000
3.070000,7,7,54.300000
3.080000,7,7,54.300000
3.090000,7,7,54.300000
3.100000,7,7,54.300000
3.110000,7,7,54.300000
3.120000,7,7,54.300000
3.130000,7,7,54.300000
3.140000,7,7,54.300000
3.150000,7,7,54.300000
3.160000,7,7,54.300000
3.170000,7,7,54.300000
3.180000,7,7,54.300000
3.190000,7,7,54.300000
3.200000,7,7,54.300000
3.210000,7,7,54.300000
3.220000,7,7,54.300000
3.230000,7,7,54.300000
3.240000,7,7,54.300000
3.250000,7,7,54.300000
3.260000,7,7,54.300000
3.270000,7,7,54.300000
3.280000,7,7,54.300000
3.290000,7,7,54.300000
3.300000,7,7,54.300000
3.310000,7,7,54.300000
3.320000,7,7,54.300000
3.330000,7,7,54.300000
3.340000,7,7,54.300000
3.350000,7,7,54.300000
3.360000,7,7,54.300000
3.370000,7,7,54.300000
3.380000,7,7,54.300000
3.390000,7,7,54.300000
3.400000,7,7,54.300000
3.410000,7,7,54.300000
3.420000,7,7,54.300000
3.430000,7,7,54.300000
3.440000,7,7,54.300000
3.450000,7,7,54.300000
3.460000,7,7,54.300000
3.470000,7,7,54.300000
3.480000,7,7,54.300000
3.490000,7,7,54.300000
3.500000,7,7,54.300000
3.510000,7,7,54.300000
3.520000,7,7,54.300000
3.530000,7,7,54.300000
3.540000,7,7,54.300000
3.550000,7,7,54.300000
3.560000,7,7,54.300000
3.570000,7,7,54.300000
3.580000,7,7,54.300000
3.590000,7,7,54.300000
3.600000,7,7,54.300000
3.610000,7,7,54.300000
3.620000,7,7,54.300000
3.630000,7,7,54.300000
3.640000,7,7,54.300000
3.650000,7,7,54.300000
3.660000,7,7,54.300000
3.670000,7,7,54.300000
3.680000,7,7,54.300000
3.690000,7,7,54.300000
3.700000,7,7,54.300000
3.710000,7,7,54.300000
3.720000,7,7,54.300000
3.730000,7,7,54.300000
3.740000,7,7,54.300000
3.750000,7,7,54.300000
3.760000,7,7,54.300000
3.770000,7,7,54.300000
3.780000,7,7,54.300000
3.790000,7,7,54.300000
3.800000,7,7,54.300000
3.810000,7,7,54.300000
3.820000,7,7,54.300000
3.830000,7,7,54.300000
3.840000,7,7,54.300000
3.850000,7,7,54.300000
3.860000,7,7,54.300000
3.870000,7,7,54.300000
3.880000,7,7,54.300000
3.890000,7,7,54.300000
3.900000,7,7,54.300000
3.910000,7,7,54.300000
3.920000,7,7,54.300000
3.930000,7,7,54.300000
3.940000,7,7,54.300000
3.950000,7,7,54.300000
3.960000,7,7,54.300000
3.970000,7,7,54.300000
3.980000,7,7,54.300000
3.990000,7,7,54.300000
4.000000,7,7,54.300000
4.010000,7,7,54.300000
4.020000,7,7,54.300000
4.030000,7,7,54.300000
4.040000,7,7,54.300000
4.050000,7,7,54.300000
4.060000,7,7,54.300000
4.070000,7,7,54.300000
4.080000,7,7,54.300000
4.090000,7,7,54.300000
4.100000,7,7,54.300000
4.110000,7,7,54.300000
4.120000,7,7,54.300000
4.130000,7,7,54.300000
4.140000,7,7,54.300000
4.150000,7,7,54.300000
4.160000,7,7,54.300000
4.170000,7,7,54.300000
4.180000,7,7,54.300000
4.190000,7,7,54.300000
4.200000,7,7,54.300000
4.210000,7,7,54.300000
4.220000,7,7,54.300000
4.230000,7,7,54.300000
4.240000,7,7,54.300000
4.250000,7,7,54.300000
4.260000,7,7,54.300000
4.270000,7,7,54.300000
4.280000,7,7,54.300000
4.290000,7,7,54.300000
4.300000,7,7,54.300000
4.310000,7,7,54.300000
4.320000,7,7,54.300000
4.330000,7,7,54.300000
4.340000,7,7,54.300000
4.350000,7,7,54.300000
4.360000,7,7,54.300000
4.370000,7,7,54.300000
4.380000,7,7,54.300000
4.390000,7,7,54.300000
4.400000,7,7,54.300000
4.410000,7,7,54.300000
4.420000,7,7,54.300000
4.430000,7,7,54.300000
4.440000,7,7,54.300000
4.450000,7,7,54.300000
4.460000,7,7,54.300000
4.470000,7,7,54.300000
4.480000,7,7,54.300000
4.490000,7,7,54.300000
4.500000,7,7,54.300000
4.510000,7,7,54.300000
4.520000,7,7,54.300000
4.530000,7,7,54.300000
4.540000,7,7,54.300000
4.550000,7,7,54.300000
4.560000,7,7,54.300000
4.570000,7,7,54.300000
4.580000,7,7,54.300000
4.590000,7,7,54.300000
4.600000,7,7,54.300000
4.610000,7,7,54.300000
4.620000,7,7,54.300000
4.630000,7,7,54.300000
4.640000,7,7,54.300000
4.650000,7,7,54.300000
4.660000,7,7,54.300000
4.670000,7,7,54.300000
4.680000,7,7,54.300000
4.690000,7,7,54.300000
4.700000,7,7,54.300000
4.710000,7,7,54.300000
4.720000,7,7,54.300000
4.730000,7,7,54.300000
4.740000,7,7,54.300000
4.750000,7,7,54.300000
4.760000,7,7,54.300000
4.770000,7,7,54.300000
4.780000,7,7,54.300000
4.790000,7,7,54.300000
4.800000,7,7,54.300000
4.810000,7,7,54.300000
4.820000,7,7,54.300000
4.830000,7,7,54.300000
4.840000,7,7,54.300000
4.850000,7,7,54.300000
4.860000,7,7,54.300000
4.870000,7,7,54.300000
4.880000,7,7,54.300000
4.890000,7,7,54.300000
4.900000,7,7,54.300000
4.910000,7,7,54.300000
4.920000,7,7,54.300000
4.930000,7,7,54.300000
4.940000,7,7,54.300000
4.950000,7,7,54.300000
4.960000,7,7,54.300000
4.970000,7,7,54.300000
4.980000,7,7,54.300000
4.990000,7,7,54.300000
5.000000,7,7,54.300000
5.010000,7,7,54.300000
5.020000,7,7,54.300000
5.030000,7,7,54.300000
5.040000,7,7,54.300000
5.050000,7,7,54.300000
5.060000,7,7,54.300000
5.070000,7,7,54.300000
5.080000,7,7,54.300000
5.090000,7,7,54.300000
5.100000,7,7,54.300000
5.110000,7,7,54.300000
5.120000,7,7,54.300000
5.130000,7,7,54.300000
5.140000,7,7,54.300000
5.150000,7,7,54.300000
5.160000,7,7,54.300000
5.170000,7,7,54.300000
5.180000,7,7,54.300000
5.190000,7,7,54.300000
5.200000,7,7,54.300000
5.210000,7,7,54.300000
5.220000,7,7,54.300000
5.230000,7,7,54.300000
5.240000,7,7,54.300000
5.250000,7,7,54.300000
5.260000,7,7,54.300000
5.270000,7,7,54.300000
5.280000,7,7,54.300000
5.290000,7,7,54.300000
5.300000,7,7,54.300000
5.310000,7,7,54.300000
5.320000,7,7,54.300000
5.330000,7,7,54.300000
5.340000,7,7,54.300000
5.350000,7,7,54.300000
5.360000,7,7,54.300000
5.370000,7,7,54.300000
5.380000,7,7,54.300000
5.390000,7,7,54.300000
5.400000,7,7,54.300000
5.410000,7,7,54.300000
5.420000,7,7,54.300000
5.430000,7,7,54.300000
5.440000,7,7,54.300000
5.450000,7,7,54.300000
5.460000,7,7,54.300000
5.470000,7,7,54.300000
5.480000,7,7,54.300000
5.490000,7,7,54.300000
5.500000,7,7,54.300000
5.510000,7,7,54.300000
5.520000,7,7,54.300000
5.530000,7,7,54.300000
5.540000,7,7,54.300000
5.550000,7,7,54.300000
5.560000,7,7,54.300000
5.570000,7,7,54.300000
5.580000,7,7,54.300000
5.590000,7,7,54.300000
5.600000,7,7,54.300000
5.610000,7,7,54.300000
5.620000,7,7,54.300000
5.630000,7,7,54.300000
5.640000,7,7,54.300000
5.650000,7,7,54.300000
5.660000,7,7,54.300000
5.670000,7,7,54.300000
5.680000,7,7,54.300000
5.690000,7,7,54.300000
5.700000,7,7,54.300000
5.710000,7,7,54.300000
5.720000,7,7,54.300000
5.730000,7,7,54.300000
5.740000,7,7,54.300000
5.750000,7,7,54.300000
5.760000,7,7,54.300000
5.770000,7,7,54.300000
5.780000,7,7,54.300000
5.790000,7,7,54.300000
5.800000,7,7,54.300000
5.810000,7,7,54.300000
5.820000,7,7,54.300000
5.830000,7,7,54.300000
5.840000,7,7,54.300000
5.850000,7,7,54.300000
5.860000,7,7,54.300000
5.870000,7,7,54.300000
5.880000,7,7,54.300000
5.890000,7,7,54.300000
5.900000,7,7,54.300000
5.910000,7,7,54.300000
5.920000,7,7,54.300000
5.930000,7,7,54.300000
5.940000,7,7,54.300000
5.950000,7,7,54.300000
5.960000,7,7,54.300000
5.970000,7,7,54.300000
5.980000,7,7,54.300000
5.990000,7,7,54.300000
6.000000,7,7,54.300000
6.010000,7,7,54.300000
6.020000,7,7,54.300000
6.030000,7,7,54.300000
6.040000,7,7,54.300000
6.050000,7,7,54.300000
6.060000,7,7,54.300000
6.070000,7,7,54.300000
6.080000,7,7,54.300000
6.090000,7,7,54.300000
6.100000,7,7,54.300000
6.110000,7,7,54.300000
6.120000,7,7,54.300000
6.130000,7,7,54.300000
6.140000,7,7,54.300000
6.150000,7,7,54.300000
6.160000,7,7,54.300000
6.170000,7,7,54.300000
6.180000,7,7,54.300000
6.190000,7,7,54.300000
6.200000,7,7,54.300000
6.210000,7,7,54.300000
6.220000,7,7,54.300000
6.230000,7,7,54.300000
6.240000,7,7,54.300000
6.250000,7,7,54.300000
6.260000,7,7,54.300000
6.270000,7,7,54.300000
6.280000,7,7,54.300000
6.290000,7,7,54.300000
6.300000,7,7,54.300000
6.310000,7,7,54.300000
6.320000,7,7,54.300000
6.330000,7,7,54.300000
6.340000,7,7,54.300000
6.350000,7,7,54.300000
6.360000,7,7,54.300000
6.370000,7,7,54.300000
6.380000,7,7,54.300000
6.390000,7,7,54.300000
6.400000,7,7,54.300000
6.410000,7,7,54.300000
6.420000,7,7,54.300000
6.430000,7,7,54.300000
6.440000,7,7,54.300000
6.450000,7,7,54.300000
6.460000,7,7,54.300000
6.470000,7,7,54.300000
6.480000,7,7,54.300000
6.490000,7,7,54.300000
6.500000,7,7,54.300000
6.510000,7,7,54.300000
6.520000,7,7,54.300000
6.530000,7,7,54.300000
6.540000,7,7,54.300000
6.550000,7,7,54.300000
6.560000,7,7,54.300000
6.570000,7,7,54.300000
6.580000,7,7,54.300000
6.590000,7,7,54.300000
6.600000,7,7,54.300000
6.610000,7,7,54.300000
6.620000,7,7,54.300000
6.630000,7,7,54.300000
6.640000,7,7,54.300000
6.650000,7,7,54.300000
6.660000,7,7,54.300000
6.670000,7,7,54.300000
6.680000,7,7,54.300000
6.690000,7,7,54.300000
6.700000,7,7,54.300000
6.710000,7,7,54.300000
6.720000,7,7,54.300000
6.730000,7,7,54.300000
6.740000,7,7,54.300000
6.750000,7,7,54.300000
6.760000,7,7,54.300000
6.770000,7,7,54.300000
6.780000,7,7,54.300000
6.790000,7,7,54.300000
6.800000,7,7,54.300000
6.810000,7,7,54.300000
6.820000,7,7,54.300000
6.830000,7,7,54.300000
6.840000,7,7,54.300000
6.850000,7,7,54.300000
6.860000,7,7,54.300000
6.870000,7,7,54.300000
6.880000,7,7,54.300000
6.890000,7,7,54.300000
6.900000,7,7,54.300000
6.910000,7,7,54.300000
6.920000,7,7,54.300000
6.930000,7,7,54.300000
6.940000,7,7,54.300000
6.950000,7,7,54.300000
6.960000,7,7,54.300000
6.970000,7,7,54.300000
6.980000,7,7,54.300000
6.990000,7,7,54.300000
7.000000,7,7,54.300000
7.010000,7,7,54.300000
7.020000,7,7,54.300000
7.030000,7,7,54.300000
7.040000,7,7,54.300000
7.050000,7,7,54.300000
7.060000,7,7,54.300000
7.070000,7,7,54.300000
7.080000,7,7,54.300000
7.090000,7,7,54.300000
7.100000,7,7,54.300000
7.110000,7,7,54.300000
7.120000,7,7,54.300000
7.130000,7,7,54.300000
7.140000,7,7,54.300000
7.150000,7,7,54.300000
7.160000,7,7,54.300000
7.170000,7,7,54.300000
7.180000,7,7,54.300000
7.190000,7,7,54.300000
7.200000,7,7,54.300000
7.210000,7,7,54.300000
7.220000,7,7,54.300000
7.230000,7,7,54.300000
7.240000,7,7,54.300000
7.250000,7,7,54.300000
7.260000,7,7,54.300000
7.270000,7,7,54.300000
7.280000,7,7,54.300000
7.290000,7,7,54.300000
7.300000,7,7,54.300000
7.310000,7,7,54.300000
7.320000,7,7,54.300000
7.330000,7,7,54.300000
7.340000,7,7,54.300000
7.350000,7,7,54.300000
7.360000,7,7,54.300000
7.370000,7,7,54.300000
7.380000,7,7,54.300000
7.390000,7,7,54.300000
7.400000,7,7,54.300000
7.410000,6,7,54.300000
7.420000,0,7,54.300000
7.430000,0,7,54.300000
7.440000,0,7,54.300000
7.450000,0,7,54.300000
7.460000,0,7,54.300000
7.470000,0,7,54.300000
7.480000,0,7,54.300000
7.490000,0,7,54.300000
7.500000,0,7,54.300000
7.510000,0,7,54.300000
7.520000,0,7,54.300000
7.530000,0,7,54.300000
7.540000,0,7,54.300000
7.550000,0,7,54.300000
7.560000,0,7,54.300000
7.570000,0,7,54.367098
7.580000,0,7,54.400000
7.590000,0,7,54.400000
7.600000,0,7,54.400000
7.610000,0,7,54.400000
7.620000,0,7,54.400000
7.630000,0,7,54.400000
7.640000,0,7,54.400000
7.650000,0,7,54.400000
7.660000,0,7,54.462991
7.670000,0,7,54.837881
7.680000,0,7,55.386911
7.690000,0,7,55.796915
7.700000,0,7,56.019650
7.710000,0,7,56.291339
7.720000,0,7,56.588076
7.730000,0,7,56.963006
7.740000,0,7,57.163493
7.750000,0,7,57.264299
7.760000,0,7,57.609593
7.770000,0,7,58.192451
7.780000,0,7,58.651885
7.790000,0,7,58.800000
7.800000,0,7,58.741010
7.810000,0,7,58.700000
7.820000,0,7,58.763374
7.830000,0,7,59.064323
7.840000,0,7,59.703447
7.850000,0,7,60.063939
7.860000,0,7,60.037332
7.870000,0,7,60.000000
7.880000,0,7,59.938956
7.890000,0,7,59.836592
7.900000,0,7,59.741589
7.910000,0,7,59.700000
7.920000,0,7,59.762060
7.930000,0,7,59.800000
7.940000,0,7,59.800000
7.950000,0,7,59.800000
7.960000,0,7,59.800000
7.970000,0,7,59.928582
7.980000,0,7,60.372004
7.990000,0,7,61.178446
8.000000,0,7,61.905013
8.010000,0,7,62.756694
8.020000,0,7,63.846048
8.030000,0,7,65.136024
8.040000,0,7,66.755925
8.050000,0,7,70.074223
8.060000,0,7,75.837260
8.070000,0,7,79.293236
8.080000,0,7,80.122479
8.090000,0,0,80.462402
8.100000,0,0,80.557651
8.110000,0,0,80.660675
8.120000,0,0,80.881362
8.130000,0,0,81.186047
8.140000,0,0,81.480634
8.150000,0,0,81.783830
8.160000,0,0,82.079147
8.170000,0,0,82.325586
8.180000,0,0,82.520712
8.190000,0,0,82.600000
8.200000,0,0,82.656711
8.210000,0,0,82.700000
8.220000,0,0,82.700000
8.230000,0,0,82.700000
8.240000,0,0,82.700000
8.250000,0,0,82.640694
8.260000,0,0,82.600000
8.270000,0,0,82.600000
8.280000,0,0,82.600000
8.290000,0,0,82.600000
8.300000,0,0,82.600000
8.310000,0,0,82.600000
8.320000,0,0,82.600000
8.330000,0,0,82.600000
8.340000,0,0,82.600000
8.350000,0,0,82.600000
8.360000,0,0,82.600000
8.370000,0,0,82.600000
8.380000,0,0,82.600000
8.390000,0,0,82.600000
8.400000,0,0,82.600000
8.410000,0,0,82.600000
8.420000,0,0,82.600000
8.430000,0,0,82.600000
8.440000,0,0,82.600000
8.450000,0,0,82.600000
8.460000,0,0,82.600000
8.470000,0,0,82.600000
8.480000,0,0,82.600000
8.490000,0,0,82.600000
8.500000,0,0,82.600000
8.510000,0,0,82.600000
8.520000,0,0,82.600000
8.530000,0,0,82.600000
8.540000,0,0,82.600000
8.550000,0,0,82.600000
8.560000,0,0,82.600000
8.570000,0,0,82.600000
8.580000,0,0,82.600000
8.590000,0,0,82.600000
8.600000,0,0,82.600000
8.610000,0,0,82.600000
8.620000,0,0,82.600000
8.630000,0,0,82.600000
8.640000,0,0,82.600000
8.650000,0,0,82.600000
8.660000,0,0,82.600000
8.670000,0,0,82.600000
8.680000,0,0,82.600000
8.690000,0,0,82.600000
8.700000,0,0,82.600000
8.710000,0,0,82.600000
8.720000,0,0,82.600000
8.730000,0,0,82.600000
8.740000,0,0,82.600000
8.750000,0,0,82.600000
8.760000,0,0,82.600000
8.770000,0,0,82.600000
8.780000,0,0,82.600000
8.790000,0,0,82.600000
8.800000,0,0,82.600000
8.810000,0,0,82.600000
8.820000,0,0,82.600000
8.830000,0,0,82.600000
8.840000,0,0,82.600000
8.850000,0,0,82.600000
8.860000,0,0,82.600000
8.870000,0,0,82.600000
8.880000,0,0,82.600000
8.890000,0,0,82.600000
8.900000,0,0,82.600000
8.910000,0,0,82.600000
8.920000,0,0,82.600000
8.930000,0,0,82.600000
8.940000,0,0,82.600000
8.950000,0,0,82.600000
8.960000,0,0,82.600000
8.970000,0,0,82.600000
8.980000,0,0,82.600000
8.990000,0,0,82.600000
9.000000,0,0,82.600000
9.010000,0,0,82.600000
9.020000,0,0,82.600000
9.030000,0,0,82.600000
9.040000,0,0,82.600000
9.050000,0,0,82.600000
9.060000,0,0,82.600000
9.070000,0,0,82.600000
9.080000,0,0,82.600000
9.090000,0,0,82.600000
9.100000,0,0,82.600000
9.110000,0,0,82.600000
9.120000,0,0,82.600000
9.130000,0,0,82.600000
9.140000,0,0,82.600000
9.150000,0,0,82.600000
9.160000,0,0,82.600000
9.170000,0,0,82.600000
9.180000,0,0,82.600000
9.190000,0,0,82.600000
9.200000,0,0,82.600000
9.210000,0,0,82.600000
9.220000,0,0,82.600000
9.230000,0,0,82.600000
9.240000,0,0,82.600000
9.250000,0,0,82.600000
9.260000,0,0,82.600000
9.270000,0,0,82.600000
9.280000,0,0,82.600000
9.290000,0,0,82.600000
9.300000,0,0,82.600000
9.310000,0,0,82.600000
9.320000,0,0,82.600000
9.330000,0,0,82.600000
9.340000,0,0,82.600000
9.350000,0,0,82.600000
9.360000,0,0,82.600000
9.370000,0,0,82.600000
9.380000,0,0,82.600000
9.390000,0,0,82.600000
9.400000,0,0,82.600000
9.410000,0,0,82.600000
9.420000,0,0,82.600000
9.430000,0,0,82.600000
9.440000,0,0,82.600000
9.450000,0,0,82.600000
9.460000,0,0,82.600000
9.470000,0,0,82.600000
9.480000,0,0,82.600000
9.490000,0,0,82.600000
9.500000,0,0,82.600000
9.510000,0,0,82.600000
9.520000,0,0,82.600000
9.530000,0,0,82.600000
9.540000,0,0,82.600000
9.550000,0,0,82.600000
9.560000,0,0,82.600000
9.570000,0,0,82.600000
9.580000,0,0,82.600000
9.590000,0,0,82.600000
9.600000,0,0,82.600000
9.610000,0,0,82.600000
9.620000,0,0,82.600000
9.630000,0,0,82.600000
9.640000,0,0,82.600000
9.650000,0,0,82.600000
9.660000,0,0,82.600000
9.670000,0,0,82.600000
9.680000,0,0,82.600000
9.690000,0,0,82.600000
9.700000,0,0,82.600000
9.710000,0,0,82.600000
9.720000,0,0,82.600000
9.730000,0,0,82.600000
9.740000,0,0,82.600000
9.750000,0,0,82.600000
9.760000,0,0,82.600000
9.770000,0,0,82.600000
9.780000,0,0,82.600000
9.790000,0,0,82.600000
9.800000,0,0,82.600000
9.810000,0,0,82.600000
9.820000,0,0,82.600000
9.830000,0,0,82.600000
9.840000,0,0,82.600000
9.850000,0,0,82.600000
9.860000,0,0,82.600000
9.870000,0,0,82.600000
9.880000,0,0,82.600000
9.890000,0,0,82.600000
9.900000,0,0,82.600000
9.910000,0,0,82.600000
9.920000,0,0,82.600000
9.930000,0,0,82.600000
9.940000,0,0,82.600000
9.950000,0,0,82.600000
9.960000,0,0,82.600000
9.970000,0,0,82.600000
9.980000,0,0,82.600000
9.990000,0,0,82.600000
10.000000,0,0,82.600000
10.010000,0,0,82.600000
10.020000,0,0,82.600000
10.030000,0,0,82.600000
10.040000,0,0,82.600000
10.050000,0,0,82.600000
10.060000,0,0,82.600000
10.070000,0,0,82.600000
10.080000,0,0,82.600000
10.090000,0,0,82.600000
10.100000,0,0,82.600000
10.110000,0,0,82.600000
10.120000,0,0,82.600000
10.130000,0,0,82.600000
10.140000,0,0,82.600000
10.150000,0,0,82.600000
10.160000,0,0,82.600000
10.170000,0,0,82.600000
10.180000,0,0,82.600000
10.190000,0,0,82.600000
10.200000,0,0,82.600000
10.210000,0,0,82.600000
10.220000,0,0,82.600000
10.230000,0,0,82.600000
10.240000,0,0,82.600000
10.250000,0,0,82.600000
10.260000,0,0,82.600000
10.270000,0,0,82.600000
10.280000,0,0,82.600000
10.290000,0,0,82.600000
10.300000,0,0,82.600000
10.310000,0,0,82.600000
10.320000,0,0,82.600000
10.330000,0,0,82.600000
10.340000,0,0,82.600000
10.350000,0,0,82.600000
10.360000,0,0,82.600000
10.370000,0,0,82.600000
10.380000,0,0,82.600000
10.390000,0,0,82.600000
10.400000,0,0,82.600000
10.410000,4,0,82.600000
10.420000,5,0,82.600000
10.430000,5,0,82.600000
10.440000,5,0,82.600000
10.450000,5,0,82.546229
10.460000,5,0,82.553001
10.470000,5,0,82.543797
10.480000,5,0,82.004509
10.490000,5,0,80.197722
10.500000,5,0,77.678505
10.510000,5,0,75.191465
10.520000,5,0,70.219058
10.530000,5,0,63.590962
10.540000,5,0,58.817997
10.550000,5,0,56.234595
10.560000,5,0,55.177097
10.570000,5,6,53.675801
10.580000,5,7,51.125027
10.590000,5,7,48.119835
10.600000,5,7,44.589644
10.610000,5,7,40.304449
10.620000,5,7,37.278555
10.630000,5,7,35.615314
10.640000,5,7,33.496592
10.650000,5,7,31.102577
10.660000,5,6,28.808574
10.670000,5,6,26.506566
10.680000,5,6,23.360742
10.690000,5,6,20.995546
10.700000,5,6,20.600000
10.710000,5,6,20.600000
10.720000,5,6,20.600000
10.730000,5,6,20.600000
10.740000,5,5,20.600000
10.750000,5,5,20.600000
10.760000,5,5,20.600000
10.770000,5,5,20.600000
10.780000,5,5,20.600000
10.790000,5,5,20.600000
10.800000,5,5,20.600000
10.810000,5,5,20.600000
10.820000,5,5,20.600000
10.830000,5,5,20.600000
10.840000,5,5,20.600000
10.850000,5,5,20.600000
10.860000,5,5,20.600000
10.870000,5,5,20.600000
10.880000,5,5,20.600000
10.890000,5,5,20.600000
10.900000,5,5,20.600000
10.910000,5,5,20.600000
10.920000,5,5,20.600000
10.930000,5,5,20.600000
10.940000,5,5,20.600000
10.950000,5,5,20.600000
10.960000,5,5,20.600000
10.970000,5,5,20.600000
10.980000,5,5,20.600000
10.990000,5,5,20.600000
11.000000,5,5,20.600000
11.010000,5,5,20.600000
11.020000,5,5,20.600000
11.030000,5,5,20.600000
11.040000,5,5,20.600000
11.050000,5,5,20.600000
11.060000,5,5,20.600000
11.070000,5,5,20.600000
11.080000,5,5,20.600000
11.090000,5,5,20.600000
11.100000,5,5,20.600000
11.110000,5,5,20.600000
11.120000,5,5,20.600000
11.130000,5,5,20.600000
11.140000,5,5,20.600000
11.150000,5,5,20.600000
11.160000,5,5,20.600000
11.170000,5,5,20.600000
11.180000,5,5,20.600000
11.190000,5,5,20.600000
11.200000,5,5,20.600000
11.210000,5,5,20.600000
11.220000,5,5,20.600000
11.230000,5,5,20.600000
11.240000,5,5,20.600000
11.250000,5,5,20.600000
11.260000,5,5,20.600000
11.270000,5,5,20.600000
11.280000,5,5,20.600000
11.290000,5,5,20.600000
11.300000,5,5,20.600000
11.310000,5,5,20.600000
11.320000,5,5,20.600000
11.330000,5,5,20.600000
11.340000,5,5,20.600000
11.350000,5,5,20.600000
11.360000,5,5,20.600000
11.370000,5,5,20.600000
11.380000,5,5,20.600000
11.390000,5,5,20.600000
11.400000,5,5,20.600000
11.410000,5,5,20.600000
11.420000,5,5,20.600000
11.430000,5,5,20.600000
11.440000,5,5,20.600000
11.450000,5,5,20.600000
11.460000,5,5,20.600000
11.470000,5,5,20.600000
11.480000,5,5,20.600000
11.490000,5,5,20.600000
11.500000,5,5,20.600000
11.510000,5,5,20.600000
11.520000,5,5,20.600000
11.530000,5,5,20.600000
11.540000,5,5,20.600000
11.550000,5,5,20.600000
11.560000,5,5,20.600000
11.570000,5,5,20.600000
11.580000,5,5,20.600000
11.590000,5,5,20.600000
11.600000,5,5,20.600000
11.610000,5,5,20.600000
11.620000,5,5,20.600000
11.630000,5,5,20.600000
11.640000,5,5,20.600000
11.650000,5,5,20.600000
11.660000,5,5,20.600000
11.670000,5,5,20.600000
11.680000,5,5,20.600000
11.690000,5,5,20.600000
11.700000,5,5,20.600000
11.710000,5,5,20.600000
11.720000,5,5,20.600000
11.730000,5,5,20.600000
11.740000,5,5,20.600000
11.750000,5,5,20.600000
11.760000,5,5,20.600000
11.770000,5,5,20.600000
11.780000,5,5,20.600000
11.790000,5,5,20.600000
11.800000,5,5,20.600000
11.810000,5,5,20.600000
11.820000,5,5,20.600000
11.830000,5,5,20.600000
11.840000,5,5,20.600000
11.850000,5,5,20.600000
11.860000,5,5,20.600000
11.870000,5,5,20.600000
11.880000,5,5,20.600000
11.890000,5,5,20.600000
11.900000,5,5,20.600000
11.910000,6,5,20.600000
11.920000,7,5,20.600000
11.930000,7,5,20.600000
11.940000,7,5,20.600000
11.950000,7,5,20.810853
11.960000,7,5,22.163607
11.970000,7,5,24.419459
11.980000,7,5,26.683433
11.990000,7,5,30.425487
12.000000,7,5,33.972158
12.010000,7,5,35.535152
12.020000,7,5,36.000000
12.030000,7,6,37.188924
12.040000,7,6,39.642952
12.050000,7,6,42.036067
12.060000,7,6,44.400761
12.070000,7,6,47.581080
12.080000,7,6,50.621147
12.090000,7,6,51.800000
12.100000,7,7,51.800000
12.110000,7,7,51.800000
12.120000,7,7,51.800000
12.130000,7,7,51.800000
12.140000,7,7,51.956343
12.150000,7,7,52.465060
12.160000,7,7,53.263832
12.170000,7,7,54.112044
12.180000,7,7,54.756961
12.190000,7,7,55.000000
12.200000,7,7,55.000000
12.210000,7,7,54.952027
12.220000,7,7,54.900000
12.230000,7,7,54.900000
12.240000,7,7,54.848865
12.250000,7,7,54.800000
12.260000,7,7,54.800000
12.270000,7,7,54.800000
12.280000,7,7,54.800000
12.290000,7,7,54.800000
12.300000,7,7,54.800000
12.310000,7,7,54.800000
12.320000,7,7,54.800000
12.330000,7,7,54.800000
12.340000,7,7,54.800000
12.350000,7,7,54.800000
12.360000,7,7,54.800000
12.370000,7,7,54.800000
12.380000,7,7,54.800000
12.390000,7,7,54.800000
12.400000,7,7,54.800000
12.410000,7,7,54.800000
12.420000,7,7,54.800000
12.430000,7,7,54.800000
12.440000,7,7,54.800000
12.450000,7,7,54.800000
12.460000,7,7,54.800000
12.470000,7,7,54.800000
12.480000,7,7,54.800000
12.490000,7,7,54.800000
12.500000,7,7,54.800000
12.510000,7,7,54.800000
12.520000,7,7,54.800000
12.530000,7,7,54.800000
12.540000,7,7,54.800000
12.550000,7,7,54.800000
12.560000,7,7,54.800000
12.570000,7,7,54.800000
12.580000,7,7,54.800000
12.590000,7,7,54.800000
12.600000,7,7,54.800000
12.610000,7,7,54.800000
12.620000,7,7,54.800000
12.630000,7,7,54.800000
12.640000,7,7,54.800000
12.650000,7,7,54.800000
12.660000,7,7,54.800000
12.670000,7,7,54.800000
12.680000,7,7,54.800000
12.690000,7,7,54.800000
12.700000,7,7,54.800000
12.710000,7,7,54.800000
12.720000,7,7,54.800000
12.730000,7,7,54.800000
12.740000,7,7,54.800000
12.750000,7,7,54.800000
12.760000,7,7,54.800000
12.770000,7,7,54.800000
12.780000,7,7,54.800000
12.790000,7,7,54.800000
12.800000,7,7,54.800000
12.810000,7,7,54.800000
12.820000,7,7,54.800000
12.830000,7,7,54.800000
12.840000,7,7,54.800000
12.850000,7,7,54.800000
12.860000,7,7,54.800000
12.870000,7,7,54.800000
12.880000,7,7,54.800000
12.890000,7,7,54.800000
12.900000,7,7,54.800000
12.910000,7,7,54.800000
12.920000,7,7,54.800000
12.930000,7,7,54.800000
12.940000,7,7,54.800000
12.950000,7,7,54.800000
12.960000,7,7,54.800000
12.970000,7,7,54.800000
12.980000,7,7,54.800000
12.990000,7,7,54.800000
13.000000,7,7,54.800000
13.010000,7,7,54.800000
13.020000,7,7,54.800000
13.030000,7,7,54.800000
13.040000,7,7,54.800000
13.050000,7,7,54.800000
13.060000,7,7,54.800000
13.070000,7,7,54.800000
13.080000,7,7,54.800000
13.090000,7,7,54.800000
13.100000,7,7,54.800000
13.110000,7,7,54.800000
13.120000,7,7,54.800000
13.130000,7,7,54.800000
13.140000,7,7,54.800000
13.150000,7,7,54.800000
13.160000,7,7,54.800000
13.170000,7,7,54.800000
13.180000,7,7,54.800000
13.190000,7,7,54.800000
13.200000,7,7,54.800000
13.210000,7,7,54.800000
13.220000,7,7,54.800000
13.230000,7,7,54.800000
13.240000,7,7,54.800000
13.250000,7,7,54.800000
13.260000,7,7,54.800000
13.270000,7,7,54.800000
13.280000,7,7,54.800000
13.290000,7,7,54.800000
13.300000,7,7,54.800000
13.310000,7,7,54.800000
13.320000,7,7,54.800000
13.330000,7,7,54.800000
13.340000,7,7,54.800000
13.350000,7,7,54.800000
13.360000,7,7,54.800000
13.370000,7,7,54.800000
13.380000,7,7,54.800000
13.390000,7,7,54.800000
13.400000,7,7,54.800000
13.410000,7,7,54.800000
13.420000,6,7,54.800000
13.430000,5,7,54.800000
13.440000,5,7,54.800000
13.450000,5,7,54.800000
13.460000,5,7,54.625972
13.470000,5,7,53.704389
13.480000,5,7,51.803600
13.490000,5,7,49.333849
13.500000,5,7,46.548195
13.510000,5,7,42.613914
13.520000,5,7,38.482748
13.530000,5,7,36.485336
13.540000,5,7,34.857888
13.550000,5,7,32.575807
13.560000,5,6,30.433288
13.570000,5,6,28.590976
13.580000,5,6,26.563647
13.590000,5,6,23.774371
13.600000,5,6,21.366570
13.610000,5,6,20.900000
13.620000,5,6,20.900000
13.630000,5,6,20.900000
13.640000,5,5,20.900000
13.650000,5,5,20.900000
13.660000,5,5,20.900000
13.670000,5,5,20.900000
13.680000,5,5,20.900000
13.690000,5,5,20.900000
13.700000,5,5,20.900000
13.710000,5,5,20.900000
13.720000,5,5,20.900000
13.730000,5,5,20.900000
13.740000,5,5,20.900000
13.750000,5,5,20.900000
13.760000,5,5,20.900000
13.770000,5,5,20.900000
13.780000,5,5,20.900000
13.790000,5,5,20.900000
13.800000,5,5,20.900000
13.810000,5,5,20.900000
13.820000,5,5,20.900000
13.830000,5,5,20.900000
13.840000,5,5,20.900000
13.850000,5,5,20.900000
13.860000,5,5,20.900000
13.870000,5,5,20.900000
13.880000,5,5,20.900000
13.890000,5,5,20.900000
13.900000,5,5,20.900000
13.910000,5,5,20.900000
13.920000,5,5,20.900000
13.930000,5,5,20.900000
13.940000,5,5,20.900000
13.950000,5,5,20.900000
13.960000,5,5,20.900000
13.970000,5,5,20.900000
13.980000,5,5,20.900000
13.990000,5,5,20.900000
14.000000,5,5,20.900000
14.010000,5,5,20.900000
14.020000,5,5,20.900000
14.030000,5,5,20.900000
14.040000,5,5,20.900000
14.050000,5,5,20.900000
14.060000,5,5,20.900000
14.070000,5,5,20.900000
14.080000,5,5,20.900000
14.090000,5,5,20.900000
14.100000,5,5,20.900000
14.110000,5,5,20.900000
14.120000,5,5,20.900000
14.130000,5,5,20.900000
14.140000,5,5,20.900000
14.150000,5,5,20.900000
14.160000,5,5,20.900000
14.170000,5,5,20.900000
14.180000,5,5,20.900000
14.190000,5,5,20.900000
14.200000,5,5,20.900000
14.210000,5,5,20.900000
14.220000,5,5,20.900000
14.230000,5,5,20.900000
14.240000,5,5,20.900000
14.250000,5,5,20.900000
14.260000,5,5,20.900000
14.270000,5,5,20.900000
14.280000,5,5,20.900000
14.290000,5,5,20.900000
14.300000,5,5,20.900000
14.310000,5,5,20.900000
14.320000,5,5,20.900000
14.330000,5,5,20.900000
14.340000,5,5,20.900000
14.350000,5,5,20.900000
14.360000,5,5,20.900000
14.370000,5,5,20.900000
14.380000,5,5,20.900000
14.390000,5,5,20.900000
14.400000,5,5,20.900000
14.410000,5,5,20.900000
14.420000,5,5,20.900000
14.430000,5,5,20.900000
14.440000,5,5,20.900000
14.450000,5,5,20.900000
14.460000,5,5,20.900000
14.470000,5,5,20.900000
14.480000,5,5,20.900000
14.490000,5,5,20.900000
14.500000,5,5,20.900000
14.510000,5,5,20.900000
14.520000,5,5,20.900000
14.530000,5,5,20.900000
14.540000,5,5,20.900000
14.550000,5,5,20.900000
14.560000,5,5,20.900000
14.570000,5,5,20.900000
14.580000,5,5,20.900000
14.590000,5,5,20.900000
14.600000,5,5,20.900000
14.610000,5,5,20.900000
14.620000,5,5,20.900000
14.630000,5,5,20.900000
14.640000,5,5,20.900000
14.650000,5,5,20.900000
14.660000,5,5,20.900000
14.670000,5,5,20.900000
14.680000,5,5,20.900000
14.690000,5,5,20.900000
14.700000,5,5,20.900000
14.710000,5,5,20.900000
14.720000,5,5,20.900000
14.730000,5,5,20.900000
14.740000,5,5,20.900000
14.750000,5,5,20.900000
14.760000,5,5,20.900000
14.770000,5,5,20.900000
14.780000,5,5,20.900000
14.790000,5,5,20.900000
14.800000,5,5,20.900000
14.810000,5,5,20.900000
14.820000,5,5,20.900000
14.830000,5,5,20.900000
14.840000,5,5,20.900000
14.850000,5,5,20.900000
14.860000,5,5,20.900000
14.870000,5,5,20.900000
14.880000,5,5,20.900000
14.890000,5,5,20.900000
14.900000,5,5,20.900000
14.910000,6,5,20.900000
14.920000,6,5,20.900000
14.930000,6,5,20.900000
14.940000,6,5,20.900000
14.950000,6,5,20.900000
14.960000,6,5,21.161574
14.970000,6,5,22.285670
14.980000,6,5,23.921985
14.990000,6,5,25.220845
15.000000,6,5,26.488527
15.010000,6,5,28.201872
15.020000,6,5,31.225093
15.030000,6,5,33.984715
15.040000,6,6,34.800000
15.050000,6,6,34.800000
15.060000,6,6,34.800000
15.070000,6,6,34.800000
15.080000,6,6,34.800000
15.090000,6,6,34.800000
15.100000,6,6,34.800000
15.110000,6,6,34.800000
15.120000,6,6,34.831385
15.130000,6,6,34.994035
15.140000,6,6,35.262706
15.150000,6,6,35.431317
15.160000,6,6,35.531187
15.170000,6,6,35.600000
15.180000,6,6,35.600000
15.190000,6,6,35.600000
15.200000,6,6,35.600000
15.210000,6,6,35.692562
15.220000,6,6,36.023270
15.230000,6,6,36.392192
15.240000,6,6,36.600000
15.250000,6,6,36.630494
15.260000,6,6,36.700000
15.270000,6,6,36.700000
15.280000,6,6,36.700000
15.290000,6,6,36.700000
15.300000,6,6,36.700000
15.310000,6,6,36.700000
15.320000,6,6,36.669901
15.330000,6,6,36.600000
15.340000,6,6,36.600000
15.350000,6,6,36.600000
15.360000,6,6,36.600000
15.370000,6,6,36.600000
15.380000,6,6,36.600000
15.390000,6,6,36.600000
15.400000,6,6,36.600000
15.410000,6,6,36.600000
15.420000,6,6,36.600000
15.430000,6,6,36.600000
15.440000,6,6,36.600000
15.450000,6,6,36.600000
15.460000,6,6,36.600000
15.470000,6,6,36.600000
15.480000,6,6,36.600000
15.490000,6,6,36.600000
15.500000,6,6,36.600000
15.510000,6,6,36.600000
15.520000,6,6,36.600000
15.530000,6,6,36.600000
15.540000,6,6,36.600000
15.550000,6,6,36.600000
15.560000,6,6,36.600000
15.570000,6,6,36.600000
15.580000,6,6,36.600000
15.590000,6,6,36.600000
15.600000,6,6,36.600000
15.610000,6,6,36.600000
15.620000,6,6,36.600000
15.630000,6,6,36.600000
15.640000,6,6,36.600000
15.650000,6,6,36.600000
15.660000,6,6,36.600000
15.670000,6,6,36.600000
15.680000,6,6,36.600000
15.690000,6,6,36.600000
15.700000,6,6,36.600000
15.710000,6,6,36.600000
15.720000,6,6,36.600000
15.730000,6,6,36.600000
15.740000,6,6,36.600000
15.750000,6,6,36.600000
15.760000,6,6,36.600000
15.770000,6,6,36.600000
15.780000,6,6,36.600000
15.790000,6,6,36.600000
15.800000,6,6,36.600000
15.810000,6,6,36.600000
15.820000,6,6,36.600000
15.830000,6,6,36.600000
15.840000,6,6,36.600000
15.850000,6,6,36.600000
15.860000,6,6,36.600000
15.870000,6,6,36.600000
15.880000,6,6,36.600000
15.890000,6,6,36.600000
15.900000,6,6,36.600000
15.910000,6,6,36.600000
15.920000,6,6,36.600000
15.930000,6,6,36.600000
15.940000,6,6,36.600000
15.950000,6,6,36.600000
15.960000,6,6,36.600000
15.970000,6,6,36.600000
15.980000,6,6,36.600000
15.990000,6,6,36.600000
16.000000,6,6,36.600000
16.010000,6,6,36.600000
16.020000,6,6,36.600000
16.030000,6,6,36.600000
16.040000,6,6,36.600000
16.050000,6,6,36.600000
16.060000,6,6,36.600000
16.070000,6,6,36.600000
16.080000,6,6,36.600000
16.090000,6,6,36.600000
16.100000,6,6,36.600000
16.110000,6,6,36.600000
16.120000,6,6,36.600000
16.130000,6,6,36.600000
16.140000,6,6,36.600000
16.150000,6,6,36.600000
16.160000,6,6,36.600000
16.170000,6,6,36.600000
16.180000,6,6,36.600000
16.190000,6,6,36.600000
16.200000,6,6,36.600000
16.210000,6,6,36.600000
16.220000,6,6,36.600000
16.230000,6,6,36.600000
16.240000,6,6,36.600000
16.250000,6,6,36.600000
16.260000,6,6,36.600000
16.270000,6,6,36.600000
16.280000,6,6,36.600000
16.290000,6,6,36.600000
16.300000,6,6,36.600000
16.310000,6,6,36.600000
16.320000,6,6,36.600000
16.330000,6,6,36.600000
16.340000,6,6,36.600000
16.350000,6,6,36.600000
16.360000,6,6,36.600000
16.370000,6,6,36.600000
16.380000,6,6,36.600000
16.390000,6,6,36.600000
16.400000,6,6,36.600000
16.410000,6,6,36.600000
16.420000,5,6,36.600000
16.430000,5,6,36.600000
16.440000,5,6,36.600000
16.450000,5,6,36.600000
16.460000,5,6,36.556316
16.470000,5,6,36.117228
16.480000,5,6,34.621102
16.490000,5,6,32.531316
16.500000,5,6,30.963276
16.510000,5,6,29.927901
16.520000,5,6,29.063435
16.530000,5,6,27.922971
16.540000,5,6,25.817569
16.550000,5,6,21.546231
16.560000,5,6,20.600000
16.570000,5,6,20.621055
16.580000,5,6,20.700000
16.590000,5,6,20.700000
16.600000,5,6,20.700000
16.610000,5,5,20.700000
16.620000,5,5,20.700000
16.630000,5,5,20.700000
16.640000,5,5,20.700000
16.650000,5,5,20.700000
16.660000,5,5,20.700000
16.670000,5,5,20.700000
16.680000,5,5,20.700000
16.690000,5,5,20.700000
16.700000,5,5,20.700000
16.710000,5,5,20.700000
16.720000,5,5,20.700000
16.730000,5,5,20.700000
16.740000,5,5,20.700000
16.750000,5,5,20.700000
16.760000,5,5,20.700000
16.770000,5,5,20.700000
16.780000,5,5,20.700000
16.790000,5,5,20.700000
16.800000,5,5,20.700000
16.810000,5,5,20.700000
16.820000,5,5,20.700000
16.830000,5,5,20.700000
16.840000,5,5,20.700000
16.850000,5,5,20.700000
16.860000,5,5,20.700000
16.870000,5,5,20.700000
16.880000,5,5,20.700000
16.890000,5,5,20.700000
16.900000,5,5,20.700000
16.910000,5,5,20.700000
16.920000,5,5,20.700000
16.930000,5,5,20.700000
16.940000,5,5,20.700000
16.950000,5,5,20.700000
16.960000,5,5,20.700000
16.970000,5,5,20.700000
16.980000,5,5,20.700000
16.990000,5,5,20.700000
17.000000,5,5,20.700000
17.010000,5,5,20.700000
17.020000,5,5,20.700000
17.030000,5,5,20.700000
17.040000,5,5,20.700000
17.050000,5,5,20.700000
17.060000,5,5,20.700000
17.070000,5,5,20.700000
17.080000,5,5,20.700000
17.090000,5,5,20.700000
17.100000,5,5,20.700000
17.110000,5,5,20.700000
17.120000,5,5,20.700000
17.130000,5,5,20.700000
17.140000,5,5,20.700000
17.150000,5,5,20.700000
17.160000,5,5,20.700000
17.170000,5,5,20.700000
17.180000,5,5,20.700000
17.190000,5,5,20.700000
17.200000,5,5,20.700000
17.210000,5,5,20.700000
17.220000,5,5,20.700000
17.230000,5,5,20.700000
17.240000,5,5,20.700000
17.250000,5,5,20.700000
17.260000,5,5,20.700000
17.270000,5,5,20.700000
17.280000,5,5,20.700000
17.290000,5,5,20.700000
17.300000,5,5,20.700000
17.310000,5,5,20.700000
17.320000,5,5,20.700000
17.330000,5,5,20.700000
17.340000,5,5,20.700000
17.350000,5,5,20.700000
17.360000,5,5,20.700000
17.370000,5,5,20.700000
17.380000,5,5,20.700000
17.390000,5,5,20.700000
17.400000,5,5,20.700000
17.410000,5,5,20.700000
17.420000,5,5,20.700000
17.430000,5,5,20.700000
17.440000,5,5,20.700000
17.450000,5,5,20.700000
17.460000,5,5,20.700000
17.470000,5,5,20.700000
17.480000,5,5,20.700000
17.490000,5,5,20.700000
17.500000,5,5,20.700000
17.510000,5,5,20.700000
17.520000,5,5,20.700000
17.530000,5,5,20.700000
17.540000,5,5,20.700000
17.550000,5,5,20.700000
17.560000,5,5,20.700000
17.570000,5,5,20.700000
17.580000,5,5,20.700000
17.590000,5,5,20.700000
17.600000,5,5,20.700000
17.610000,5,5,20.700000
17.620000,5,5,20.700000
17.630000,5,5,20.700000
17.640000,5,5,20.700000
17.650000,5,5,20.700000
17.660000,5,5,20.700000
17.670000,5,5,20.700000
17.680000,5,5,20.700000
17.690000,5,5,20.700000
17.700000,5,5,20.700000
17.710000,5,5,20.700000
17.720000,5,5,20.700000
17.730000,5,5,20.700000
17.740000,5,5,20.700000
17.750000,5,5,20.700000
17.760000,5,5,20.700000
17.770000,5,5,20.700000
17.780000,5,5,20.700000
17.790000,5,5,20.700000
17.800000,5,5,20.700000
17.810000,5,5,20.700000
17.820000,5,5,20.700000
17.830000,5,5,20.700000
17.840000,5,5,20.700000
17.850000,5,5,20.700000
17.860000,5,5,20.700000
17.870000,5,5,20.700000
17.880000,5,5,20.700000
17.890000,5,5,20.700000
17.900000,5,5,20.700000
17.910000,3,5,20.700000
17.920000,0,5,20.700000
17.930000,0,5,20.700000
17.940000,0,5,20.700000
17.950000,0,5,20.700000
17.960000,0,5,20.700000
17.970000,0,5,20.700000
17.980000,0,5,20.700000
17.990000,0,5,20.700000
18.000000,0,5,20.700000
18.010000,0,5,20.700000
18.020000,0,5,20.700000
18.030000,0,5,20.700000
18.040000,0,5,20.700000
18.050000,0,5,20.700000
18.060000,0,5,20.700000
18.070000,0,5,20.700000
18.080000,0,5,20.700000
18.090000,0,5,20.700000
18.100000,0,5,20.700000
18.110000,0,5,20.700000
18.120000,0,5,20.700000
18.130000,0,5,20.700000
18.140000,0,5,20.700000
18.150000,0,5,20.700000
18.160000,0,5,20.700000
18.170000,0,5,20.700000
18.180000,0,5,20.700000
18.190000,0,5,20.700000
18.200000,0,5,20.690393
18.210000,0,5,20.695127
18.220000,0,5,21.799856
18.230000,0,5,23.869754
18.240000,0,5,25.612158
18.250000,0,5,26.764989
18.260000,0,5,27.446225
18.270000,0,5,27.927259
18.280000,0,5,28.218007
18.290000,0,5,28.400000
18.300000,0,6,28.400000
18.310000,0,6,28.400000
18.320000,0,6,28.400000
18.330000,0,6,28.400000
18.340000,0,6,28.400000
18.350000,0,6,28.400000
18.360000,0,6,28.400000
18.370000,0,6,28.400000
18.380000,0,6,28.400000
18.390000,0,6,28.400000
18.400000,0,6,28.573875
18.410000,0,6,30.760120
18.420000,0,6,33.787244
18.430000,0,6,34.823554
18.440000,0,6,35.186145
18.450000,0,6,36.376727
18.460000,0,6,38.500000
18.470000,0,6,38.684077
18.480000,0,6,41.079396
18.490000,0,6,43.626728
18.500000,0,6,47.971723
18.510000,0,6,51.451214
18.520000,0,6,52.100000
18.530000,0,6,52.121581
18.540000,0,7,52.456064
18.550000,0,7,53.296077
18.560000,0,7,54.718561
18.570000,0,7,56.408655
18.580000,0,7,58.033143
18.590000,0,7,60.054165
18.600000,0,7,62.358933
18.610000,0,7,64.746406
18.620000,0,7,67.174536
18.630000,0,7,71.729500
18.640000,0,7,78.354671
18.650000,0,7,79.267151
18.660000,0,5,80.306076
18.670000,0,0,80.400000
18.680000,0,0,80.405725
18.690000,0,0,80.500000
18.700000,0,0,80.505683
18.710000,0,0,80.622117
18.720000,0,0,81.050137
18.730000,0,0,81.932567
18.740000,0,0,82.526735
18.750000,0,0,83.010746
18.760000,0,0,83.205269
18.770000,0,0,83.300000
18.780000,0,0,83.300000
18.790000,0,0,83.300000
18.800000,0,0,83.300000
18.810000,0,0,83.300000
18.820000,0,0,83.300000
18.830000,0,0,83.300000
18.840000,0,0,83.300000
18.850000,0,0,83.300000
18.860000,0,0,83.300000
18.870000,0,0,83.300000
18.880000,0,0,83.300000
18.890000,0,0,83.300000
18.900000,0,0,83.300000
18.910000,0,0,83.300000
18.920000,0,0,83.300000
18.930000,0,0,83.300000
18.940000,0,0,83.300000
18.950000,0,0,83.300000
18.960000,0,0,83.300000
18.970000,0,0,83.300000
18.980000,0,0,83.300000
18.990000,0,0,83.300000
19.000000,0,0,83.300000
19.010000,0,0,83.300000
19.020000,0,0,83.300000
19.030000,0,0,83.300000
19.040000,0,0,83.300000
19.050000,0,0,83.300000
19.060000,0,0,83.300000
19.070000,0,0,83.300000
19.080000,0,0,83.300000
19.090000,0,0,83.300000
19.100000,0,0,83.300000
19.110000,0,0,83.300000
19.120000,0,0,83.300000
19.130000,0,0,83.300000
19.140000,0,0,83.300000
19.150000,0,0,83.300000
19.160000,0,0,83.300000
19.170000,0,0,83.300000
19.180000,0,0,83.300000
19.190000,0,0,83.300000
19.200000,0,0,83.300000
19.210000,0,0,83.300000
19.220000,0,0,83.300000
19.230000,0,0,83.300000
19.240000,0,0,83.300000
19.250000,0,0,83.300000
19.260000,0,0,83.300000
19.270000,0,0,83.300000
19.280000,0,0,83.300000
19.290000,0,0,83.300000
19.300000,0,0,83.300000
19.310000,0,0,83.300000
19.320000,0,0,83.300000
19.330000,0,0,83.300000
19.340000,0,0,83.300000
19.350000,0,0,83.300000
19.360000,0,0,83.300000
19.370000,0,0,83.300000
19.380000,0,0,83.300000
19.390000,0,0,83.300000
19.400000,0,0,83.300000
19.410000,1,0,83.300000
19.420000,7,0,83.300000
19.430000,7,0,83.300000
19.440000,7,0,83.299615
19.450000,7,0,83.200000
19.460000,7,0,83.200000
19.470000,7,0,83.199669
19.480000,7,0,82.998725
19.490000,7,0,81.701401
19.500000,7,0,79.201387
19.510000,7,0,76.304138
19.520000,7,0,73.907435
19.530000,7,0,71.111129
19.540000,7,0,67.614882
19.550000,7,0,62.422505
19.560000,7,0,58.623528
19.570000,7,0,57.507997
19.580000,7,0,56.408524
19.590000,7,1,55.705617
19.600000,7,7,55.600830
19.610000,7,7,55.500937
19.620000,7,7,55.500000
19.630000,7,7,55.500000
19.640000,7,7,55.598940
19.650000,7,7,55.600000
19.660000,7,7,55.501215
19.670000,7,7,55.500000
19.680000,7,7,55.500000
19.690000,7,7,55.500000
19.700000,7,7,55.500000
19.710000,7,7,55.500000
19.720000,7,7,55.500000
19.730000,7,7,55.500000
19.740000,7,7,55.401935
19.750000,7,7,55.301981
19.760000,7,7,55.300000
19.770000,7,7,55.300000
19.780000,7,7,55.300000
19.790000,7,7,55.104780
19.800000,7,7,54.611705
19.810000,7,7,54.307567
19.820000,7,7,54.300000
19.830000,7,7,54.300000
19.840000,7,7,54.300000
19.850000,7,7,54.300000
19.860000,7,7,54.300000
19.870000,7,7,54.300000
19.880000,7,7,54.300000
19.890000,7,7,54.300000
19.900000,7,7,54.300000
19.910000,7,7,54.300000
19.920000,7,7,54.300000
19.930000,7,7,54.300000
19.940000,7,7,54.300000
19.950000,7,7,54.300000
19.960000,7,7,54.300000
19.970000,7,7,54.300000
19.980000,7,7,54.300000
19.990000,7,7,54.300000
20.000000,7,7,54.300000
20.010000,7,7,54.300000
20.020000,7,7,54.300000
20.030000,7,7,54.300000
20.040000,7,7,54.300000
20.050000,7,7,54.300000
20.060000,7,7,54.300000
20.070000,7,7,54.300000
20.080000,7,7,54.300000
20.090000,7,7,54.300000
20.100000,7,7,54.300000
20.110000,7,7,54.300000
20.120000,7,7,54.300000
20.130000,7,7,54.300000
20.140000,7,7,54.300000
20.150000,7,7,54.300000
20.160000,7,7,54.300000
20.170000,7,7,54.300000
20.180000,7,7,54.300000
20.190000,7,7,54.300000
20.200000,7,7,54.300000
20.210000,7,7,54.300000
20.220000,7,7,54.300000
20.230000,7,7,54.300000
20.240000,7,7,54.300000
20.250000,7,7,54.300000
20.260000,7,7,54.300000
20.270000,7,7,54.300000
20.280000,7,7,54.300000
20.290000,7,7,54.300000
20.300000,7,7,54.300000
20.310000,7,7,54.300000
20.320000,7,7,54.300000
20.330000,7,7,54.300000
20.340000,7,7,54.300000
20.350000,7,7,54.300000
20.360000,7,7,54.300000
20.370000,7,7,54.300000
20.380000,7,7,54.300000
20.390000,7,7,54.300000
20.400000,7,7,54.300000
20.410000,7,7,54.300000
20.420000,7,7,54.300000
20.430000,7,7,54.300000
20.440000,7,7,54.300000
20.450000,7,7,54.300000
20.460000,7,7,54.300000
20.470000,7,7,54.300000
20.480000,7,7,54.300000
20.490000,7,7,54.300000
20.500000,7,7,54.300000
20.510000,7,7,54.300000
20.520000,7,7,54.300000
20.530000,7,7,54.300000
20.540000,7,7,54.300000
20.550000,7,7,54.300000
20.560000,7,7,54.300000
20.570000,7,7,54.300000
20.580000,7,7,54.300000
20.590000,7,7,54.300000
20.600000,7,7,54.300000
20.610000,7,7,54.300000
20.620000,7,7,54.300000
20.630000,7,7,54.300000
20.640000,7,7,54.300000
20.650000,7,7,54.300000
20.660000,7,7,54.300000
20.670000,7,7,54.300000
20.680000,7,7,54.300000
20.690000,7,7,54.300000
20.700000,7,7,54.300000
20.710000,7,7,54.300000
20.720000,7,7,54.300000
20.730000,7,7,54.300000
20.740000,7,7,54.300000
20.750000,7,7,54.300000
20.760000,7,7,54.300000
20.770000,7,7,54.300000
20.780000,7,7,54.300000
20.790000,7,7,54.300000
20.800000,7,7,54.300000
20.810000,7,7,54.300000
20.820000,7,7,54.300000
20.830000,7,7,54.300000
20.840000,7,7,54.300000
20.850000,7,7,54.300000
20.860000,7,7,54.300000
20.870000,7,7,54.300000
20.880000,7,7,54.300000
20.890000,7,7,54.300000
20.900000,7,7,54.300000
20.910000,6,7,54.300000
20.920000,0,7,54.300000
20.930000,0,7,54.300000
20.940000,0,7,54.300000
20.950000,0,7,54.300000
20.960000,0,7,54.300000
20.970000,0,7,54.300000
20.980000,0,7,54.300000
20.990000,0,7,54.300000
21.000000,0,7,54.300000
21.010000,0,7,54.300000
21.020000,0,7,54.300000
21.030000,0,7,54.300000
21.040000,0,7,54.367961
21.050000,0,7,54.400000
21.060000,0,7,54.400000
21.070000,0,7,54.400000
21.080000,0,7,54.400000
21.090000,0,7,54.468582
21.100000,0,7,54.500000
21.110000,0,7,54.500000
21.120000,0,7,54.500000
21.130000,0,7,54.500000
21.140000,0,7,54.500000
21.150000,0,7,54.500000
21.160000,0,7,54.565746
21.170000,0,7,54.946151
21.180000,0,7,55.633890
21.190000,0,7,56.180963
21.200000,0,7,56.362374
21.210000,0,7,56.467599
21.220000,0,7,56.699396
21.230000,0,7,57.208312
21.240000,0,7,57.790224
21.250000,0,7,58.133885
21.260000,0,7,58.264222
21.270000,0,7,58.231731
21.280000,0,7,58.265213
21.290000,0,7,58.434565
21.300000,0,7,58.936832
21.310000,0,7,59.535330
21.320000,0,7,59.700000
21.330000,0,7,59.700000
21.340000,0,7,59.635091
21.350000,0,7,59.600000
21.360000,0,7,59.600000
21.370000,0,7,59.600000
21.380000,0,7,59.600000
21.390000,0,7,59.600000
21.400000,0,7,59.600000
21.410000,0,7,59.600000
21.420000,0,7,59.600000
21.430000,0,7,59.600000
21.440000,0,7,59.726497
21.450000,0,7,60.255792
21.460000,0,7,60.943038
21.470000,0,7,61.464280
21.480000,0,7,61.600000
21.490000,0,7,61.533144
21.500000,0,7,61.500000
21.510000,0,7,61.500000
21.520000,0,7,61.755042
21.530000,0,7,62.828857
21.540000,0,7,64.308553
21.550000,0,7,66.189875
21.560000,0,7,68.915724
21.570000,0,7,73.517626
21.580000,0,7,77.690243
21.590000,0,7,79.886807
21.600000,0,0,80.358450
21.610000,0,0,80.400000
21.620000,0,0,80.524503
21.630000,0,0,80.600000
21.640000,0,0,80.724422
21.650000,0,0,80.926765
21.660000,0,0,81.309222
21.670000,0,0,81.827426
21.680000,0,0,82.188175
21.690000,0,0,82.499091
21.700000,0,0,82.660548
21.710000,0,0,82.827222
21.720000,0,0,82.900000
21.730000,0,0,82.900000
21.740000,0,0,82.900000
21.750000,0,0,82.900000
21.760000,0,0,82.900000
21.770000,0,0,82.900000
21.780000,0,0,82.900000
21.790000,0,0,82.900000
21.800000,0,0,82.900000
21.810000,0,0,82.900000
21.820000,0,0,82.900000
21.830000,0,0,82.900000
21.840000,0,0,82.900000
21.850000,0,0,82.900000
21.860000,0,0,82.900000
21.870000,0,0,82.900000
21.880000,0,0,82.900000
21.890000,0,0,82.900000
21.900000,0,0,82.900000
21.910000,0,0,82.900000
21.920000,0,0,82.900000
21.930000,0,0,82.900000
21.940000,0,0,82.900000
21.950000,0,0,82.900000
21.960000,0,0,82.900000
21.970000,0,0,82.900000
21.980000,0,0,82.900000
21.990000,0,0,82.900000
22.000000,0,0,82.900000
22.010000,0,0,82.900000
22.020000,0,0,82.900000
22.030000,0,0,82.900000
22.040000,0,0,82.900000
22.050000,0,0,82.900000
22.060000,0,0,82.900000
22.070000,0,0,82.900000
22.080000,0,0,82.900000
22.090000,0,0,82.900000
22.100000,0,0,82.900000
22.110000,0,0,82.900000
22.120000,0,0,82.900000
22.130000,0,0,82.900000
22.140000,0,0,82.900000
22.150000,0,0,82.900000
22.160000,0,0,82.900000
22.170000,0,0,82.900000
22.180000,0,0,82.900000
22.190000,0,0,82.900000
22.200000,0,0,82.900000
22.210000,0,0,82.900000
22.220000,0,0,82.900000
22.230000,0,0,82.900000
22.240000,0,0,82.900000
22.250000,0,0,82.900000
22.260000,0,0,82.900000
22.270000,0,0,82.900000
22.280000,0,0,82.900000
22.290000,0,0,82.900000
22.300000,0,0,82.900000
22.310000,0,0,82.900000
22.320000,0,0,82.900000
22.330000,0,0,82.900000
22.340000,0,0,82.900000
22.350000,0,0,82.900000
22.360000,0,0,82.900000
22.370000,0,0,82.900000
22.380000,0,0,82.900000
22.390000,0,0,82.900000
22.400000,0,0,82.900000
22.410000,0,0,82.900000
22.420000,6,0,82.900000
22.430000,6,0,82.900000
22.440000,6,0,82.834935
22.450000,6,0,82.800000
22.460000,6,0,82.800000
22.470000,6,0,82.734075
22.480000,6,0,82.260340
22.490000,6,0,78.737344
22.500000,6,0,75.503332
22.510000,6,0,72.847865
22.520000,6,0,69.934545
22.530000,6,0,65.452288
22.540000,6,0,59.704268
22.550000,6,0,56.228781
22.560000,6,0,55.345333
22.570000,6,0,54.529047
22.580000,6,7,52.938830
22.590000,6,7,50.737243
22.600000,6,7,48.614745
22.610000,6,7,46.333848
22.620000,6,7,43.863812
22.630000,6,7,40.374216
22.640000,6,7,37.948152
22.650000,6,7,37.363123
22.660000,6,7,37.400000
22.670000,6,6,37.400000
22.680000,6,6,37.400000
22.690000,6,6,37.400000
22.700000,6,6,37.400000
22.710000,6,6,37.400000
22.720000,6,6,37.400000
22.730000,6,6,37.400000
22.740000,6,6,37.400000
22.750000,6,6,37.400000
22.760000,6,6,37.400000
22.770000,6,6,37.400000
22.780000,6,6,37.400000
22.790000,6,6,37.400000
22.800000,6,6,37.400000
22.810000,6,6,37.400000
22.820000,6,6,37.400000
22.830000,6,6,37.400000
22.840000,6,6,37.400000
22.850000,6,6,37.400000
22.860000,6,6,37.400000
22.870000,6,6,37.400000
22.880000,6,6,37.400000
22.890000,6,6,37.400000
22.900000,6,6,37.400000
22.910000,6,6,37.400000
22.920000,6,6,37.400000
22.930000,6,6,37.400000
22.940000,6,6,37.400000
22.950000,6,6,37.400000
22.960000,6,6,37.400000
22.970000,6,6,37.400000
22.980000,6,6,37.400000
22.990000,6,6,37.400000
23.000000,6,6,37.400000
23.010000,6,6,37.400000
23.020000,6,6,37.400000
23.030000,6,6,37.400000
23.040000,6,6,37.400000
23.050000,6,6,37.400000
23.060000,6,6,37.400000
23.070000,6,6,37.400000
23.080000,6,6,37.400000
23.090000,6,6,37.400000
23.100000,6,6,37.400000
23.110000,6,6,37.400000
23.120000,6,6,37.400000
23.130000,6,6,37.400000
23.140000,6,6,37.400000
23.150000,6,6,37.400000
23.160000,6,6,37.400000
23.170000,6,6,37.400000
23.180000,6,6,37.400000
23.190000,6,6,37.400000
23.200000,6,6,37.400000
23.210000,6,6,37.400000
23.220000,6,6,37.400000
23.230000,6,6,37.400000
23.240000,6,6,37.400000
23.250000,6,6,37.400000
23.260000,6,6,37.400000
23.270000,6,6,37.400000
23.280000,6,6,37.400000
23.290000,6,6,37.400000
23.300000,6,6,37.400000
23.310000,6,6,37.400000
23.320000,6,6,37.400000
23.330000,6,6,37.400000
23.340000,6,6,37.400000
23.350000,6,6,37.400000
23.360000,6,6,37.400000
23.370000,6,6,37.400000
23.380000,6,6,37.400000
23.390000,6,6,37.400000
23.400000,6,6,37.400000
23.410000,6,6,37.400000
23.420000,6,6,37.400000
23.430000,6,6,37.400000
23.440000,6,6,37.400000
23.450000,6,6,37.400000
23.460000,6,6,37.400000
23.470000,6,6,37.400000
23.480000,6,6,37.400000
23.490000,6,6,37.400000
23.500000,6,6,37.400000
23.510000,6,6,37.400000
23.520000,6,6,37.400000
23.530000,6,6,37.400000
23.540000,6,6,37.400000
23.550000,6,6,37.400000
23.560000,6,6,37.400000
23.570000,6,6,37.400000
23.580000,6,6,37.400000
23.590000,6,6,37.400000
23.600000,6,6,37.400000
23.610000,6,6,37.400000
23.620000,6,6,37.400000
23.630000,6,6,37.400000
23.640000,6,6,37.400000
23.650000,6,6,37.400000
23.660000,6,6,37.400000
23.670000,6,6,37.400000
23.680000,6,6,37.400000
23.690000,6,6,37.400000
23.700000,6,6,37.400000
23.710000,6,6,37.400000
23.720000,6,6,37.400000
23.730000,6,6,37.400000
23.740000,6,6,37.400000
23.750000,6,6,37.400000
23.760000,6,6,37.400000
23.770000,6,6,37.400000
23.780000,6,6,37.400000
23.790000,6,6,37.400000
23.800000,6,6,37.400000
23.810000,6,6,37.400000
23.820000,6,6,37.400000
23.830000,6,6,37.400000
23.840000,6,6,37.400000
23.850000,6,6,37.400000
23.860000,6,6,37.400000
23.870000,6,6,37.400000
23.880000,6,6,37.400000
23.890000,6,6,37.400000
23.900000,6,6,37.400000
23.910000,6,6,37.400000
23.920000,7,6,37.400000
23.930000,7,6,37.400000
23.940000,7,6,37.400000
23.950000,7,6,37.400000
23.960000,7,6,37.733650
23.970000,7,6,38.877623
23.980000,7,6,40.512929
23.990000,7,6,41.923870
24.000000,7,6,42.864619
24.010000,7,6,43.883710
24.020000,7,6,45.582983
24.030000,7,6,48.343204
24.040000,7,6,50.658941
24.050000,7,7,51.400000
24.060000,7,7,51.400000
24.070000,7,7,51.400000
24.080000,7,7,51.454376
24.090000,7,7,51.500000
24.100000,7,7,51.607920
24.110000,7,7,51.700000
24.120000,7,7,51.970258
24.130000,7,7,52.430079
24.140000,7,7,52.768321
24.150000,7,7,53.179663
24.160000,7,7,53.730519
24.170000,7,7,54.228675
24.180000,7,7,54.455832
24.190000,7,7,54.500000
24.200000,7,7,54.447730
24.210000,7,7,54.400000
24.220000,7,7,54.344337
24.230000,7,7,54.300000
24.240000,7,7,54.300000
24.250000,7,7,54.300000
24.260000,7,7,54.300000
24.270000,7,7,54.300000
24.280000,7,7,54.300000
24.290000,7,7,54.300000
24.300000,7,7,54.300000
24.310000,7,7,54.300000
24.320000,7,7,54.300000
24.330000,7,7,54.300000
24.340000,7,7,54.300000
24.350000,7,7,54.300000
24.360000,7,7,54.300000
24.370000,7,7,54.300000
24.380000,7,7,54.300000
24.390000,7,7,54.300000
24.400000,7,7,54.300000
24.410000,7,7,54.300000
24.420000,7,7,54.300000
24.430000,7,7,54.300000
24.440000,7,7,54.300000
24.450000,7,7,54.300000
24.460000,7,7,54.300000
24.470000,7,7,54.300000
24.480000,7,7,54.300000
24.490000,7,7,54.300000
24.500000,7,7,54.300000
24.510000,7,7,54.300000
24.520000,7,7,54.300000
24.530000,7,7,54.300000
24.540000,7,7,54.300000
24.550000,7,7,54.300000
24.560000,7,7,54.300000
24.570000,7,7,54.300000
24.580000,7,7,54.300000
24.590000,7,7,54.300000
24.600000,7,7,54.300000
24.610000,7,7,54.300000
24.620000,7,7,54.300000
24.630000,7,7,54.300000
24.640000,7,7,54.300000
24.650000,7,7,54.300000
24.660000,7,7,54.300000
24.670000,7,7,54.300000
24.680000,7,7,54.300000
24.690000,7,7,54.300000
24.700000,7,7,54.300000
24.710000,7,7,54.300000
24.720000,7,7,54.300000
24.730000,7,7,54.300000
24.740000,7,7,54.300000
24.750000,7,7,54.300000
24.760000,7,7,54.300000
24.770000,7,7,54.300000
24.780000,7,7,54.300000
24.790000,7,7,54.300000
24.800000,7,7,54.300000
24.810000,7,7,54.300000
24.820000,7,7,54.300000
24.830000,7,7,54.300000
24.840000,7,7,54.300000
24.850000,7,7,54.300000
24.860000,7,7,54.300000
24.870000,7,7,54.300000
24.880000,7,7,54.300000
24.890000,7,7,54.300000
24.900000,7,7,54.300000
24.910000,7,7,54.300000
24.920000,7,7,54.300000
24.930000,7,7,54.300000
24.940000,7,7,54.300000
24.950000,7,7,54.300000
24.960000,7,7,54.300000
24.970000,7,7,54.300000
24.980000,7,7,54.300000
24.990000,7,7,54.300000
25.000000,7,7,54.300000
25.010000,7,7,54.300000
25.020000,7,7,54.300000
25.030000,7,7,54.300000
25.040000,7,7,54.300000
25.050000,7,7,54.300000
25.060000,7,7,54.300000
25.070000,7,7,54.300000
25.080000,7,7,54.300000
25.090000,7,7,54.300000
25.100000,7,7,54.300000
25.110000,7,7,54.300000
25.120000,7,7,54.300000
25.130000,7,7,54.300000
25.140000,7,7,54.300000
25.150000,7,7,54.300000
25.160000,7,7,54.300000
25.170000,7,7,54.300000
25.180000,7,7,54.300000
25.190000,7,7,54.300000
25.200000,7,7,54.300000
25.210000,7,7,54.300000
25.220000,7,7,54.300000
25.230000,7,7,54.300000
25.240000,7,7,54.300000
25.250000,7,7,54.300000
25.260000,7,7,54.300000
25.270000,7,7,54.300000
25.280000,7,7,54.300000
25.290000,7,7,54.300000
25.300000,7,7,54.300000
25.310000,7,7,54.300000
25.320000,7,7,54.300000
25.330000,7,7,54.300000
25.340000,7,7,54.300000
25.350000,7,7,54.300000
25.360000,7,7,54.300000
25.370000,7,7,54.300000
25.380000,7,7,54.300000
25.390000,7,7,54.300000
25.400000,7,7,54.300000
25.410000,7,7,54.300000
25.420000,6,7,54.300000
25.430000,6,7,54.300000
25.440000,6,7,54.300000
25.450000,6,7,54.300000
25.460000,6,7,54.300000
25.470000,6,7,54.246324
25.480000,6,7,53.613367
25.490000,6,7,52.026330
25.500000,6,7,49.786366
25.510000,6,7,47.135576
25.520000,6,7,43.101392
25.530000,6,7,39.103074
25.540000,6,7,37.541154
25.550000,6,7,37.400000
25.560000,6,7,37.400000
25.570000,6,6,37.400000
25.580000,6,6,37.347579
25.590000,6,6,37.247320
25.600000,6,6,37.200000
25.610000,6,6,37.200000
25.620000,6,6,37.200000
25.630000,6,6,37.200000
25.640000,6,6,37.200000
25.650000,6,6,37.200000
25.660000,6,6,37.200000
25.670000,6,6,37.200000
25.680000,6,6,37.200000
25.690000,6,6,37.200000
25.700000,6,6,37.200000
25.710000,6,6,37.200000
25.720000,6,6,37.200000
25.730000,6,6,37.200000
25.740000,6,6,37.200000
25.750000,6,6,37.200000
25.760000,6,6,37.200000
25.770000,6,6,37.200000
25.780000,6,6,37.200000
25.790000,6,6,37.200000
25.800000,6,6,37.200000
25.810000,6,6,37.200000
25.820000,6,6,37.200000
25.830000,6,6,37.200000
25.840000,6,6,37.200000
25.850000,6,6,37.200000
25.860000,6,6,37.200000
25.870000,6,6,37.200000
25.880000,6,6,37.200000
25.890000,6,6,37.200000
25.900000,6,6,37.200000
25.910000,6,6,37.200000
25.920000,6,6,37.200000
25.930000,6,6,37.200000
25.940000,6,6,37.200000
25.950000,6,6,37.200000
25.960000,6,6,37.200000
25.970000,6,6,37.200000
25.980000,6,6,37.200000
25.990000,6,6,37.200000
26.000000,6,6,37.200000
26.010000,6,6,37.200000
26.020000,6,6,37.200000
26.030000,6,6,37.200000
26.040000,6,6,37.200000
26.050000,6,6,37.200000
26.060000,6,6,37.200000
26.070000,6,6,37.200000
26.080000,6,6,37.200000
26.090000,6,6,37.200000
26.100000,6,6,37.200000
26.110000,6,6,37.200000
26.120000,6,6,37.200000
26.130000,6,6,37.200000
26.140000,6,6,37.200000
26.150000,6,6,37.200000
26.160000,6,6,37.200000
26.170000,6,6,37.200000
26.180000,6,6,37.200000
26.190000,6,6,37.200000
26.200000,6,6,37.200000
26.210000,6,6,37.200000
26.220000,6,6,37.200000
26.230000,6,6,37.200000
26.240000,6,6,37.200000
26.250000,6,6,37.200000
26.260000,6,6,37.200000
26.270000,6,6,37.200000
26.280000,6,6,37.200000
26.290000,6,6,37.200000
26.300000,6,6,37.200000
26.310000,6,6,37.200000
26.320000,6,6,37.200000
26.330000,6,6,37.200000
26.340000,6,6,37.200000
26.350000,6,6,37.200000
26.360000,6,6,37.200000
26.370000,6,6,37.200000
26.380000,6,6,37.200000
26.390000,6,6,37.200000
26.400000,6,6,37.200000
26.410000,6,6,37.200000
26.420000,6,6,37.200000
26.430000,6,6,37.200000
26.440000,6,6,37.200000
26.450000,6,6,37.200000
26.460000,6,6,37.200000
26.470000,6,6,37.200000
26.480000,6,6,37.200000
26.490000,6,6,37.200000
26.500000,6,6,37.200000
26.510000,6,6,37.200000
26.520000,6,6,37.200000
26.530000,6,6,37.200000
26.540000,6,6,37.200000
26.550000,6,6,37.200000
26.560000,6,6,37.200000
26.570000,6,6,37.200000
26.580000,6,6,37.200000
26.590000,6,6,37.200000
26.600000,6,6,37.200000
26.610000,6,6,37.200000
26.620000,6,6,37.200000
26.630000,6,6,37.200000
26.640000,6,6,37.200000
26.650000,6,6,37.200000
26.660000,6,6,37.200000
26.670000,6,6,37.200000
26.680000,6,6,37.200000
26.690000,6,6,37.200000
26.700000,6,6,37.200000
26.710000,6,6,37.200000
26.720000,6,6,37.200000
26.730000,6,6,37.200000
26.740000,6,6,37.200000
26.750000,6,6,37.200000
26.760000,6,6,37.200000
26.770000,6,6,37.200000
26.780000,6,6,37.200000
26.790000,6,6,37.200000
26.800000,6,6,37.200000
26.810000,6,6,37.200000
26.820000,6,6,37.200000
26.830000,6,6,37.200000
26.840000,6,6,37.200000
26.850000,6,6,37.200000
26.860000,6,6,37.200000
26.870000,6,6,37.200000
26.880000,6,6,37.200000
26.890000,6,6,37.200000
26.900000,6,6,37.200000
26.910000,2,6,37.200000
26.920000,0,6,37.200000
26.930000,0,6,37.200000
26.940000,0,6,37.246299
26.950000,0,6,37.300000
26.960000,0,6,37.346137
26.970000,0,6,38.229323
26.980000,0,6,40.302342
26.990000,0,6,42.656206
27.000000,0,6,46.014528
27.010000,0,6,50.217946
27.020000,0,6,52.382576
27.030000,0,7,53.376128
27.040000,0,7,55.438117
27.050000,0,7,57.889188
27.060000,0,7,60.425052
27.070000,0,7,63.123600
27.080000,0,7,65.728109
27.090000,0,7,69.079604
27.100000,0,7,74.510143
27.110000,0,7,78.559094
27.120000,0,7,79.538491
27.130000,0,3,80.200000
27.140000,0,0,80.244663
27.150000,0,0,80.300000
27.160000,0,0,80.300000
27.170000,0,0,80.300000
27.180000,0,0,80.432940
27.190000,0,0,80.953840
27.200000,0,0,81.707283
27.210000,0,0,82.275022
27.220000,0,0,82.632113
27.230000,0,0,82.932057
27.240000,0,0,83.143899
27.250000,0,0,83.156232
27.260000,0,0,83.143691
27.270000,0,0,83.156357
27.280000,0,0,83.100000
27.290000,0,0,83.100000
27.300000,0,0,83.100000
27.310000,0,0,83.100000
27.320000,0,0,83.100000
27.330000,0,0,83.100000
27.340000,0,0,83.100000
27.350000,0,0,83.100000
27.360000,0,0,83.100000
27.370000,0,0,83.100000
27.380000,0,0,83.100000
27.390000,0,0,83.100000
27.400000,0,0,83.100000
27.410000,0,0,83.100000
27.420000,0,0,83.100000
27.430000,0,0,83.100000
27.440000,0,0,83.100000
27.450000,0,0,83.100000
27.460000,0,0,83.100000
27.470000,0,0,83.100000
27.480000,0,0,83.100000
27.490000,0,0,83.100000
27.500000,0,0,83.100000
27.510000,0,0,83.100000
27.520000,0,0,83.100000
27.530000,0,0,83.100000
27.540000,0,0,83.100000
27.550000,0,0,83.100000
27.560000,0,0,83.100000
27.570000,0,0,83.100000
27.580000,0,0,83.100000
27.590000,0,0,83.100000
27.600000,0,0,83.100000
27.610000,0,0,83.100000
27.620000,0,0,83.100000
27.630000,0,0,83.100000
27.640000,0,0,83.100000
27.650000,0,0,83.100000
27.660000,0,0,83.100000
27.670000,0,0,83.100000
27.680000,0,0,83.100000
27.690000,0,0,83.100000
27.700000,0,0,83.100000
27.710000,0,0,83.100000
27.720000,0,0,83.100000
27.730000,0,0,83.100000
27.740000,0,0,83.100000
27.750000,0,0,83.100000
27.760000,0,0,83.100000
27.770000,0,0,83.100000
27.780000,0,0,83.100000
27.790000,0,0,83.100000
27.800000,0,0,83.100000
27.810000,0,0,83.100000
27.820000,0,0,83.100000
27.830000,0,0,83.100000
27.840000,0,0,83.100000
27.850000,0,0,83.100000
27.860000,0,0,83.100000
27.870000,0,0,83.100000
27.880000,0,0,83.100000
27.890000,0,0,83.100000
27.900000,0,0,83.100000
27.910000,0,0,83.100000
27.920000,0,0,83.100000
27.930000,0,0,83.100000
27.940000,0,0,83.100000
27.950000,0,0,83.100000
27.960000,0,0,83.100000
27.970000,0,0,83.100000
27.980000,0,0,83.100000
27.990000,0,0,83.100000
28.000000,0,0,83.100000
28.010000,0,0,83.100000
28.020000,0,0,83.100000
28.030000,0,0,83.100000
28.040000,0,0,83.100000
28.050000,0,0,83.100000
28.060000,0,0,83.100000
28.070000,0,0,83.100000
28.080000,0,0,83.100000
28.090000,0,0,83.100000
28.100000,0,0,83.100000
28.110000,0,0,83.100000
28.120000,0,0,83.100000
28.130000,0,0,83.100000
28.140000,0,0,83.100000
28.150000,0,0,83.100000
28.160000,0,0,83.100000
28.170000,0,0,83.100000
28.180000,0,0,83.100000
28.190000,0,0,83.100000
28.200000,0,0,83.100000
28.210000,0,0,83.100000
28.220000,0,0,83.100000
28.230000,0,0,83.100000
28.240000,0,0,83.100000
28.250000,0,0,83.100000
28.260000,0,0,83.100000
28.270000,0,0,83.100000
28.280000,0,0,83.100000
28.290000,0,0,83.100000
28.300000,0,0,83.100000
28.310000,0,0,83.100000
28.320000,0,0,83.100000
28.330000,0,0,83.100000
28.340000,0,0,83.100000
28.350000,0,0,83.100000
28.360000,0,0,83.100000
28.370000,0,0,83.100000
28.380000,0,0,83.100000
28.390000,0,0,83.100000
28.400000,0,0,83.100000
28.410000,0,0,83.100000
28.420000,0,0,83.100000
28.430000,0,0,83.100000
28.440000,0,0,83.100000
28.450000,0,0,83.100000
28.460000,0,0,83.100000
28.470000,0,0,83.100000
28.480000,0,0,83.100000
28.490000,0,0,83.100000
28.500000,0,0,83.100000
28.510000,0,0,83.100000
28.520000,0,0,83.100000
28.530000,0,0,83.100000
28.540000,0,0,83.100000
28.550000,0,0,83.100000
28.560000,0,0,83.100000
28.570000,0,0,83.100000
28.580000,0,0,83.100000
28.590000,0,0,83.100000
28.600000,0,0,83.100000
28.610000,0,0,83.100000
28.620000,0,0,83.100000
28.630000,0,0,83.100000
28.640000,0,0,83.100000
28.650000,0,0,83.100000
28.660000,0,0,83.100000
28.670000,0,0,83.100000
28.680000,0,0,83.100000
28.690000,0,0,83.100000
28.700000,0,0,83.100000
28.710000,0,0,83.100000
28.720000,0,0,83.100000
28.730000,0,0,83.100000
28.740000,0,0,83.100000
28.750000,0,0,83.100000
28.760000,0,0,83.100000
28.770000,0,0,83.100000
28.780000,0,0,83.100000
28.790000,0,0,83.100000
28.800000,0,0,83.100000
28.810000,0,0,83.100000
28.820000,0,0,83.100000
28.830000,0,0,83.100000
28.840000,0,0,83.100000
28.850000,0,0,83.100000
28.860000,0,0,83.100000
28.870000,0,0,83.100000
28.880000,0,0,83.100000
28.890000,0,0,83.100000
28.900000,0,0,83.100000
28.910000,0,0,83.100000
28.920000,0,0,83.100000
28.930000,0,0,83.100000
28.940000,0,0,83.100000
28.950000,0,0,83.100000
28.960000,0,0,83.100000
28.970000,0,0,83.100000
28.980000,0,0,83.100000
28.990000,0,0,83.100000
29.000000,0,0,83.100000
29.010000,0,0,83.100000
29.020000,0,0,83.100000
29.030000,0,0,83.100000
29.040000,0,0,83.100000
29.050000,0,0,83.100000
29.060000,0,0,83.100000
29.070000,0,0,83.100000
29.080000,0,0,83.100000
29.090000,0,0,83.100000
29.100000,0,0,83.100000
29.110000,0,0,83.100000
29.120000,0,0,83.100000
29.130000,0,0,83.100000
29.140000,0,0,83.100000
29.150000,0,0,83.100000
29.160000,0,0,83.100000
29.170000,0,0,83.100000
29.180000,0,0,83.100000
29.190000,0,0,83.100000
29.200000,0,0,83.100000
29.210000,0,0,83.100000
29.220000,0,0,83.100000
29.230000,0,0,83.100000
29.240000,0,0,83.100000
29.250000,0,0,83.100000
29.260000,0,0,83.100000
29.270000,0,0,83.100000
29.280000,0,0,83.100000
29.290000,0,0,83.100000
29.300000,0,0,83.100000
29.310000,0,0,83.100000
29.320000,0,0,83.100000
29.330000,0,0,83.100000
29.340000,0,0,83.100000
29.350000,0,0,83.100000
29.360000,0,0,83.100000
29.370000,0,0,83.100000
29.380000,0,0,83.100000
29.390000,0,0,83.100000
29.400000,0,0,83.100000
29.410000,0,0,83.100000
29.420000,0,0,83.100000
29.430000,0,0,83.100000
29.440000,0,0,83.100000
29.450000,0,0,83.100000
29.460000,0,0,83.100000
29.470000,0,0,83.100000
29.480000,0,0,83.100000
29.490000,0,0,83.100000
29.500000,0,0,83.100000
29.510000,0,0,83.100000
29.520000,0,0,83.100000
29.530000,0,0,83.100000
29.540000,0,0,83.100000
29.550000,0,0,83.100000
29.560000,0,0,83.100000
29.570000,0,0,83.100000
29.580000,0,0,83.100000
29.590000,0,0,83.100000
29.600000,0,0,83.100000
29.610000,0,0,83.100000
29.620000,0,0,83.100000
29.630000,0,0,83.100000
29.640000,0,0,83.100000
29.650000,0,0,83.100000
29.660000,0,0,83.100000
29.670000,0,0,83.100000
29.680000,0,0,83.100000
29.690000,0,0,83.100000
29.700000,0,0,83.100000
29.710000,0,0,83.100000
29.720000,0,0,83.100000
29.730000,0,0,83.100000
29.740000,0,0,83.100000
29.750000,0,0,83.100000
29.760000,0,0,83.100000
29.770000,0,0,83.100000
29.780000,0,0,83.100000
29.790000,0,0,83.100000
29.800000,0,0,83.100000
29.810000,0,0,83.100000
29.820000,0,0,83.100000
29.830000,0,0,83.100000
29.840000,0,0,83.100000
29.850000,0,0,83.100000
29.860000,0,0,83.100000
29.870000,0,0,83.100000
29.880000,0,0,83.100000
29.890000,0,0,83.100000
29.900000,0,0,83.100000
29.910000,0,0,83.100000
29.920000,0,0,83.100000
29.930000,0,0,83.100000
29.940000,0,0,83.100000
29.950000,0,0,83.100000
29.960000,0,0,83.100000
29.970000,0,0,83.100000
29.980000,0,0,83.100000
29.990000,0,0,83.100000
30.000000,0,0,83.100000
30.010000,0,0,83.100000
30.020000,0,0,83.100000
30.030000,0,0,83.100000
30.040000,0,0,83.100000
30.050000,0,0,83.100000
30.060000,0,0,83.100000
30.070000,0,0,83.100000
30.080000,0,0,83.100000
30.090000,0,0,83.100000
30.100000,0,0,83.100000
30.110000,0,0,83.100000
30.120000,0,0,83.100000
30.130000,0,0,83.100000
30.140000,0,0,83.100000
30.150000,0,0,83.100000
30.160000,0,0,83.100000
30.170000,0,0,83.100000
30.180000,0,0,83.100000
30.190000,0,0,83.100000
30.200000,0,0,83.100000
30.210000,0,0,83.100000
30.220000,0,0,83.100000
30.230000,0,0,83.100000
30.240000,0,0,83.100000
30.250000,0,0,83.100000
30.260000,0,0,83.100000
30.270000,0,0,83.100000
30.280000,0,0,83.100000
30.290000,0,0,83.100000
30.300000,0,0,83.100000
30.310000,0,0,83.100000
30.320000,0,0,83.100000
30.330000,0,0,83.100000
30.340000,0,0,83.100000
30.350000,0,0,83.100000
30.360000,0,0,83.100000
30.370000,0,0,83.100000
30.380000,0,0,83.100000
30.390000,0,0,83.100000
30.400000,0,0,83.100000
30.410000,0,0,83.100000
30.420000,0,0,83.100000
30.430000,0,0,83.100000
30.440000,0,0,83.100000
30.450000,0,0,83.100000
30.460000,0,0,83.100000
30.470000,0,0,83.100000
30.480000,0,0,83.100000
30.490000,0,0,83.100000
30.500000,0,0,83.100000
30.510000,0,0,83.100000
30.520000,0,0,83.100000
30.530000,0,0,83.100000
30.540000,0,0,83.100000
30.550000,0,0,83.100000
30.560000,0,0,83.100000
30.570000,0,0,83.100000
30.580000,0,0,83.100000
30.590000,0,0,83.100000
30.600000,0,0,83.100000
30.610000,0,0,83.100000
30.620000,0,0,83.100000
30.630000,0,0,83.100000
30.640000,0,0,83.100000
30.650000,0,0,83.100000
30.660000,0,0,83.100000
30.670000,0,0,83.100000
30.680000,0,0,83.100000
30.690000,0,0,83.100000
30.700000,0,0,83.100000
30.710000,0,0,83.100000
30.720000,0,0,83.100000
30.730000,0,0,83.100000
30.740000,0,0,83.100000
30.750000,0,0,83.100000
30.760000,0,0,83.100000
30.770000,0,0,83.100000
30.780000,0,0,83.100000
30.790000,0,0,83.100000
30.800000,0,0,83.100000
30.810000,0,0,83.100000
30.820000,0,0,83.100000
30.830000,0,0,83.100000
30.840000,0,0,83.100000
30.850000,0,0,83.100000
30.860000,0,0,83.100000
30.870000,0,0,83.100000
30.880000,0,0,83.100000
30.890000,0,0,83.100000
30.900000,0,0,83.100000
30.910000,0,0,83.100000
30.920000,0,0,83.100000
30.930000,0,0,83.100000
30.940000,0,0,83.100000
30.950000,0,0,83.100000
30.960000,0,0,83.100000
30.970000,0,0,83.100000
30.980000,0,0,83.100000
30.990000,0,0,83.100000
31.000000,0,0,83.100000
31.010000,0,0,83.100000
31.020000,0,0,83.100000
31.030000,0,0,83.100000
31.040000,0,0,83.100000
31.050000,0,0,83.100000
31.060000,0,0,83.100000
31.070000,0,0,83.100000
31.080000,0,0,83.100000
31.090000,0,0,83.100000
31.100000,0,0,83.100000
31.110000,0,0,83.100000
31.120000,0,0,83.100000
31.130000,0,0,83.100000
31.140000,0,0,83.100000
31.150000,0,0,83.100000
31.160000,0,0,83.100000
31.170000,0,0,83.100000
31.180000,0,0,83.100000
31.190000,0,0,83.100000
31.200000,0,0,83.100000
31.210000,0,0,83.100000
31.220000,0,0,83.100000
31.230000,0,0,83.100000
31.240000,0,0,83.100000
31.250000,0,0,83.100000
31.260000,0,0,83.100000
31.270000,0,0,83.100000
31.280000,0,0,83.100000
31.290000,0,0,83.100000
31.300000,0,0,83.100000
31.310000,0,0,83.100000
31.320000,0,0,83.100000
31.330000,0,0,83.100000
31.340000,0,0,83.100000
31.350000,0,0,83.100000
31.360000,0,0,83.100000
31.370000,0,0,83.100000
31.380000,0,0,83.100000
31.390000,0,0,83.100000
31.400000,0,0,83.100000
31.410000,0,0,83.100000
31.420000,0,0,83.100000
31.430000,0,0,83.100000
31.440000,0,0,83.100000
31.450000,0,0,83.100000
31.460000,0,0,83.100000
31.470000,0,0,83.100000
31.480000,0,0,83.100000
31.490000,0,0,83.100000
31.500000,0,0,83.100000
31.510000,0,0,83.100000
31.520000,0,0,83.100000
31.530000,0,0,83.100000
31.540000,0,0,83.100000
31.550000,0,0,83.100000
31.560000,0,0,83.100000
31.570000,0,0,83.100000
31.580000,0,0,83.100000
31.590000,0,0,83.100000
31.600000,0,0,83.100000
31.610000,0,0,83.100000
31.620000,0,0,83.100000
31.630000,0,0,83.100000
31.640000,0,0,83.100000
31.650000,0,0,83.100000
31.660000,0,0,83.100000
31.670000,0,0,83.100000
31.680000,0,0,83.100000
31.690000,0,0,83.100000
31.700000,0,0,83.100000
31.710000,0,0,83.100000
31.720000,0,0,83.100000
31.730000,0,0,83.100000
31.740000,0,0,83.100000
31.750000,0,0,83.100000
31.760000,0,0,83.100000
31.770000,0,0,83.100000
31.780000,0,0,83.100000
31.790000,0,0,83.100000
31.800000,0,0,83.100000
31.810000,0,0,83.100000
31.820000,0,0,83.100000
31.830000,0,0,83.100000
31.840000,0,0,83.100000
31.850000,0,0,83.100000
31.860000,0,0,83.100000
31.870000,0,0,83.100000
31.880000,0,0,83.100000
31.890000,0,0,83.100000
31.900000,0,0,83.100000
31.910000,0,0,83.100000
31.920000,0,0,83.100000
31.930000,0,0,83.100000
31.940000,0,0,83.100000
31.950000,0,0,83.100000
31.960000,0,0,83.100000
31.970000,0,0,83.100000
31.980000,0,0,83.100000
31.990000,0,0,83.100000
32.000000,0,0,83.100000
32.010000,0,0,83.100000
32.020000,0,0,83.100000
32.030000,0,0,83.100000
32.040000,0,0,83.100000
32.050000,0,0,83.100000
32.060000,0,0,83.100000
32.070000,0,0,83.100000
32.080000,0,0,83.100000
32.090000,0,0,83.100000
32.100000,0,0,83.100000
32.110000,0,0,83.100000
32.120000,0,0,83.100000
32.130000,0,0,83.100000
32.140000,0,0,83.100000
32.150000,0,0,83.100000
32.160000,0,0,83.100000
32.170000,0,0,83.100000
32.180000,0,0,83.100000
32.190000,0,0,83.100000
32.200000,0,0,83.100000
32.210000,0,0,83.100000
32.220000,0,0,83.100000
32.230000,0,0,83.100000
32.240000,0,0,83.100000
32.250000,0,0,83.100000
32.260000,0,0,83.100000
32.270000,0,0,83.100000
32.280000,0,0,83.100000
32.290000,0,0,83.100000
32.300000,0,0,83.100000
32.310000,0,0,83.100000
32.320000,0,0,83.100000
32.330000,0,0,83.100000
32.340000,0,0,83.100000
32.350000,0,0,83.100000
32.360000,0,0,83.100000
32.370000,0,0,83.100000
32.380000,0,0,83.100000
32.390000,0,0,83.100000
32.400000,0,0,83.100000
32.410000,0,0,83.100000
32.420000,0,0,83.100000
32.430000,0,0,83.100000
32.440000,0,0,83.100000
32.450000,0,0,83.100000
32.460000,0,0,83.100000
32.470000,0,0,83.100000
32.480000,0,0,83.100000
32.490000,0,0,83.100000
32.500000,0,0,83.100000
32.510000,0,0,83.100000
32.520000,0,0,83.100000
32.530000,0,0,83.100000
32.540000,0,0,83.100000
32.550000,0,0,83.100000
32.560000,0,0,83.100000
32.570000,0,0,83.100000
32.580000,0,0,83.100000
32.590000,0,0,83.100000
32.600000,0,0,83.100000
32.610000,0,0,83.100000
32.620000,0,0,83.100000
32.630000,0,0,83.100000
32.640000,0,0,83.100000
32.650000,0,0,83.100000
32.660000,0,0,83.100000
32.670000,0,0,83.100000
32.680000,0,0,83.100000
32.690000,0,0,83.100000
32.700000,0,0,83.100000
32.710000,0,0,83.100000
32.720000,0,0,83.100000
32.730000,0,0,83.100000
32.740000,0,0,83.100000
32.750000,0,0,83.100000
32.760000,0,0,83.100000
32.770000,0,0,83.100000
32.780000,0,0,83.100000
32.790000,0,0,83.100000
32.800000,0,0,83.100000
32.810000,0,0,83.100000
32.820000,0,0,83.100000
32.830000,0,0,83.100000
32.840000,0,0,83.100000
32.850000,0,0,83.100000
32.860000,0,0,83.100000
32.870000,0,0,83.100000
32.880000,0,0,83.100000
32.890000,0,0,83.100000
32.900000,0,0,83.100000
32.910000,0,0,83.100000
32.920000,0,0,83.100000
32.930000,0,0,83.100000
32.940000,0,0,83.100000
32.950000,0,0,83.100000
32.960000,0,0,83.100000
32.970000,0,0,83.100000
32.980000,0,0,83.100000
32.990000,0,0,83.100000
33.000000,0,0,83.100000
33.010000,0,0,83.100000
33.020000,0,0,83.100000
33.030000,0,0,83.100000
33.040000,0,0,83.100000
33.050000,0,0,83.100000
33.060000,0,0,83.100000
33.070000,0,0,83.100000
33.080000,0,0,83.100000
33.090000,0,0,83.100000
33.100000,0,0,83.100000
33.110000,0,0,83.100000
33.120000,0,0,83.100000
33.130000,0,0,83.100000
33.140000,0,0,83.100000
33.150000,0,0,83.100000
33.160000,0,0,83.100000
33.170000,0,0,83.100000
33.180000,0,0,83.100000
33.190000,0,0,83.100000
33.200000,0,0,83.100000
33.210000,0,0,83.100000
33.220000,0,0,83.100000
33.230000,0,0,83.100000
33.240000,0,0,83.100000
33.250000,0,0,83.100000
33.260000,0,0,83.100000
33.270000,0,0,83.100000
33.280000,0,0,83.100000
33.290000,0,0,83.100000
33.300000,0,0,83.100000
33.310000,0,0,83.100000
33.320000,0,0,83.100000
33.330000,0,0,83.100000
33.340000,0,0,83.100000
33.350000,0,0,83.100000
33.360000,0,0,83.100000
33.370000,0,0,83.100000
33.380000,0,0,83.100000
33.390000,0,0,83.100000
33.400000,0,0,83.100000
33.410000,0,0,83.100000
33.420000,0,0,83.100000
33.430000,0,0,83.100000
33.440000,0,0,83.100000
33.450000,0,0,83.100000
33.460000,0,0,83.100000
33.470000,0,0,83.100000
33.480000,0,0,83.100000
33.490000,0,0,83.100000
33.500000,0,0,83.100000
33.510000,0,0,83.100000
33.520000,0,0,83.100000
33.530000,0,0,83.100000
33.540000,0,0,83.100000
33.550000,0,0,83.100000
33.560000,0,0,83.100000
33.570000,0,0,83.100000
33.580000,0,0,83.100000
33.590000,0,0,83.100000
33.600000,0,0,83.100000
33.610000,0,0,83.100000
33.620000,0,0,83.100000
33.630000,0,0,83.100000
33.640000,0,0,83.100000
33.650000,0,0,83.100000
33.660000,0,0,83.100000
33.670000,0,0,83.100000
33.680000,0,0,83.100000
33.690000,0,0,83.100000
33.700000,0,0,83.100000
33.710000,0,0,83.100000
33.720000,0,0,83.100000
33.730000,0,0,83.100000
33.740000,0,0,83.100000
33.750000,0,0,83.100000
33.760000,0,0,83.100000
33.770000,0,0,83.100000
33.780000,0,0,83.100000
33.790000,0,0,83.100000
33.800000,0,0,83.100000
33.810000,0,0,83.100000
33.820000,0,0,83.100000
33.830000,0,0,83.100000
33.840000,0,0,83.100000
33.850000,0,0,83.100000
33.860000,0,0,83.100000
33.870000,0,0,83.100000
33.880000,0,0,83.100000
33.890000,0,0,83.100000
33.900000,0,0,83.100000
33.910000,0,0,83.100000
33.920000,0,0,83.100000
33.930000,0,0,83.100000
33.940000,0,0,83.100000
33.950000,0,0,83.100000
33.960000,0,0,83.100000
33.970000,0,0,83.100000
33.980000,0,0,83.100000
33.990000,0,0,83.100000
34.000000,0,0,83.100000
34.010000,0,0,83.100000
34.020000,0,0,83.100000
34.030000,0,0,83.100000
34.040000,0,0,83.100000
34.050000,0,0,83.100000
34.060000,0,0,83.100000
34.070000,0,0,83.100000
34.080000,0,0,83.100000
34.090000,0,0,83.100000
34.100000,0,0,83.100000
34.110000,0,0,83.100000
34.120000,0,0,83.100000
34.130000,0,0,83.100000
34.140000,0,0,83.100000
34.150000,0,0,83.100000
34.160000,0,0,83.100000
34.170000,0,0,83.100000
34.180000,0,0,83.100000
34.190000,0,0,83.100000
34.200000,0,0,83.100000
34.210000,0,0,83.100000
34.220000,0,0,83.100000
34.230000,0,0,83.100000
34.240000,0,0,83.100000
34.250000,0,0,83.100000
34.260000,0,0,83.100000
34.270000,0,0,83.100000
34.280000,0,0,83.100000
34.290000,0,0,83.100000
34.300000,0,0,83.100000
34.310000,0,0,83.100000
34.320000,0,0,83.100000
34.330000,0,0,83.100000
34.340000,0,0,83.100000
34.350000,0,0,83.100000
34.360000,0,0,83.100000
34.370000,0,0,83.100000
34.380000,0,0,83.100000
34.390000,0,0,83.100000
34.400000,0,0,83.100000
34.410000,0,0,83.100000
34.420000,0,0,83.100000
34.430000,0,0,83.100000
34.440000,0,0,83.100000
34.450000,0,0,83.100000
34.460000,0,0,83.100000
34.470000,0,0,83.100000
34.480000,0,0,83.100000
34.490000,0,0,83.100000
34.500000,0,0,83.100000
34.510000,0,0,83.100000
34.520000,0,0,83.100000
34.530000,0,0,83.100000
34.540000,0,0,83.100000
34.550000,0,0,83.100000
34.560000,0,0,83.100000
34.570000,0,0,83.100000
34.580000,0,0,83.100000
34.590000,0,0,83.100000
34.600000,0,0,83.100000
34.610000,0,0,83.100000
34.620000,0,0,83.100000
34.630000,0,0,83.100000
34.640000,0,0,83.100000
34.650000,0,0,83.100000
34.660000,0,0,83.100000
34.670000,0,0,83.100000
34.680000,0,0,83.100000
34.690000,0,0,83.100000
34.700000,0,0,83.100000
34.710000,0,0,83.100000
34.720000,0,0,83.100000
34.730000,0,0,83.100000
34.740000,0,0,83.100000
34.750000,0,0,83.100000
34.760000,0,0,83.100000
34.770000,0,0,83.100000
34.780000,0,0,83.100000
34.790000,0,0,83.100000
34.800000,0,0,83.100000
34.810000,0,0,83.100000
34.820000,0,0,83.100000
34.830000,0,0,83.100000
34.840000,0,0,83.100000
34.850000,0,0,83.100000
34.860000,0,0,83.100000
34.870000,0,0,83.100000
34.880000,0,0,83.100000
34.890000,0,0,83.100000
34.900000,0,0,83.100000
34.910000,0,0,83.100000
34.920000,0,0,83.100000
34.930000,0,0,83.100000
34.940000,0,0,83.100000
34.950000,0,0,83.100000
34.960000,0,0,83.100000
34.970000,0,0,83.100000
34.980000,0,0,83.100000
34.990000,0,0,83.100000
35.000000,0,0,83.100000
35.010000,0,0,83.100000
35.020000,0,0,83.100000
35.030000,0,0,83.100000
35.040000,0,0,83.100000
35.050000,0,0,83.100000
35.060000,0,0,83.100000
